name,ghidra_addr,ne_addr,signature
FCreateStuff,1000:0014,0001:0014,"int16_t FCreateStuff()"
FCreateFonts,1000:0ab2,0001:0ab2,"int16_t FCreateFonts(HDC hdc)"
InitInstance,1000:0d70,0001:0d70,"int16_t InitInstance(int16_t nCmdShow)"
InitTiles,1000:0eaa,0001:0eaa,"void InitTiles()"
GetIniWinRc,1000:1020,0001:1020,"void GetIniWinRc(char *szSection, char *szIniFile, StringId ids, WN *pwn)"
ReadIniSettings,1000:124c,0001:124c,"void ReadIniSettings()"
ReadIniTileSettings,1000:2b8a,0001:2b8a,"void ReadIniTileSettings(char *pszFormat, TILE *rgtile, int16_t ctile)"
LphuldefSBFromId,1008:510a,0002:510a,"HULDEF * LphuldefSBFromId(int16_t id)"
LphuldefFromId,1008:512c,0002:512c,"HULDEF * LphuldefFromId(int16_t id)"
LpengineFromId,1008:5168,0002:5168,"ENGINE * LpengineFromId(int16_t id)"
LpscannerFromId,1008:518a,0002:518a,"SCANNER * LpscannerFromId(int16_t id)"
LpshdefT,1008:51ac,0002:51ac,"SHDEF * LpshdefT()"
LpshdefSBT,1008:51c4,0002:51c4,"SHDEF * LpshdefSBT()"
LpplanetaryFromId,1008:51dc,0002:51dc,"PLANETARY * LpplanetaryFromId(int16_t id)"
FLookupPartX,1008:51fe,0002:51fe,"int16_t FLookupPartX(PART *ppart, uint16_t grhst, uint16_t iItem)"
FLookupPart,1008:524e,0002:524e,"int16_t FLookupPart(PART *ppart)"
LookupBestPlanetaryScanner,1008:60be,0002:60be,"void LookupBestPlanetaryScanner(PART *ppart)"
TechStatus,1008:6148,0002:6148,"int16_t TechStatus(char *rgTech)"
PszGetCompressedString,1010:743a,0003:743a,"char * PszGetCompressedString(StringId ids)"
WinMain,1018:0000,0004:0000,"int16_t WinMain(uint16_t hInstance, uint16_t hPrevInstance, char *lpCmdLine, int16_t nCmdShow)"
FSetUpBatchProcessing,1018:06a4,0004:06a4,"int16_t FSetUpBatchProcessing()"
IPlrAlsoCheater,1018:07aa,0004:07aa,"int16_t IPlrAlsoCheater(int16_t iplr)"
FGetSystemColors,1018:08d2,0004:08d2,"int16_t FGetSystemColors()"
FreeStuff,1018:0bae,0004:0bae,"void FreeStuff()"
SzVersion,1018:1212,0004:1212,"char * SzVersion()"
About,1018:1252,0004:1252,"int16_t About(HWND hwnd, WMType message, uint16_t wParam, int32_t lParam)"
OrderInfoDlg,1018:151e,0004:151e,"int16_t OrderInfoDlg(HWND hwnd, WMType message, uint16_t wParam, int32_t lParam)"
FHandleChar,1018:15de,0004:15de,"int16_t FHandleChar(HWND hwnd, uint16_t ch, int32_t lParam)"
FHandleKey,1018:165a,0004:165a,"int16_t FHandleKey(HWND hwnd, int16_t iMsg, int16_t iKey, uint32_t dw)"
InitMDIApp,1020:0000,0005:0000,"int16_t InitMDIApp()"
CreateChildWindows,1020:038c,0005:038c,"void CreateChildWindows()"
FrameWndProc,1020:06d6,0005:06d6,"int32_t FrameWndProc(HWND hwnd, WMType msg, uint16_t wParam, int32_t lParam)"
InvertPaneBorder,1020:1e3c,0005:1e3c,"POINT InvertPaneBorder(HDC hdc, int16_t grSel, POINT dpt, POINT *pdptPrev)"
HcrsFromFrameWindowPt,1020:24b0,0005:24b0,"uint16_t HcrsFromFrameWindowPt(POINT pt, int16_t *pgrSel)"
RestoreSelection,1020:2614,0005:2614,"void RestoreSelection()"
FormatSerialAndEnv,1020:2886,0005:2886,"void FormatSerialAndEnv(int32_t lSerial, uint8_t *pbEnv, char *pszOut)"
FSerialAndEnvFromSz,1020:2aec,0005:2aec,"int16_t FSerialAndEnvFromSz(int32_t *plSerial, uint8_t *pbEnv, char *pszIn)"
FFindSomethingAndSelectIt,1020:2e1c,0005:2e1c,"int16_t FFindSomethingAndSelectIt()"
CommandHandler,1020:2f7a,0005:2f7a,"void CommandHandler(HWND hwnd, uint16_t wParam)"
InitializeMenu,1020:5376,0005:5376,"void InitializeMenu(HMENU hmenu)"
EnsureAis,1020:56bc,0005:56bc,"void EnsureAis()"
GetASubMenu,1020:589a,0005:589a,"uint16_t GetASubMenu(HWND hwnd, int16_t iMenu)"
FOpenGame,1020:58f4,0005:58f4,"int16_t FOpenGame(HWND hwnd, int16_t fRaceOnly)"
FWasRaceFile,1020:5da8,0005:5da8,"int16_t FWasRaceFile(char *szFile, int16_t fChkPass)"
BringUpHostDlg,1020:5ffc,0005:5ffc,"void BringUpHostDlg()"
DrawHostDialog2,1020:6240,0005:6240,"void DrawHostDialog2(HWND hwnd, HDC hdcIn)"
VerifyTurns,1020:6686,0005:6686,"void VerifyTurns()"
CTurnsOutSafe,1020:6996,0005:6996,"int16_t CTurnsOutSafe()"
CFindTurnsOutstanding,1020:6a26,0005:6a26,"int16_t CFindTurnsOutstanding()"
HostModeDialog,1020:6c16,0005:6c16,"int16_t HostModeDialog(HWND hwnd, WMType message, uint16_t wParam, int32_t lParam)"
HostOptionsDialog,1020:75ce,0005:75ce,"int16_t HostOptionsDialog(HWND hwnd, WMType message, uint16_t wParam, int32_t lParam)"
DrawHostOptions,1020:7706,0005:7706,"void DrawHostOptions(HWND hwnd, HDC hdc, int16_t iDraw)"
HostTimerProc,1020:7716,0005:7716,"void HostTimerProc(HWND hwnd, WMType msg, uint16_t idTimer, uint32_t dwTime)"
GetWindowRc,1020:79ac,0005:79ac,"void GetWindowRc(HWND hwnd, RECT *prc)"
SetWindowIniString,1020:79f6,0005:79f6,"void SetWindowIniString(char *sz, HWND hwnd)"
WriteIniSettings,1020:7a76,0005:7a76,"void WriteIniSettings()"
RefitFrameChildren,1020:8c88,0005:8c88,"void RefitFrameChildren()"
TitleWndProc,1020:9126,0005:9126,"int32_t TitleWndProc(HWND hwnd, WMType msg, uint16_t wParam, int32_t lParam)"
MineWndProc,1028:0000,0006:0000,"int32_t MineWndProc(HWND hwnd, WMType message, uint16_t wParam, int32_t lParam)"
InvalidateMineralBars,1028:040a,0006:040a,"void InvalidateMineralBars()"
GetMineFieldCounts,1028:05ac,0006:05ac,"void GetMineFieldCounts(uint16_t id, int16_t *pithm, int16_t *pcthm)"
DrawMineSurvey,1028:065a,0006:065a,"void DrawMineSurvey(HDC hdc, RECT *prc)"
HtMineWindow,1028:37ac,0006:37ac,"HtMineType HtMineWindow(HWND hwnd, int16_t x, int16_t y)"
MineClick,1028:3b4e,0006:3b4e,"void MineClick(int16_t x, int16_t y, int16_t msg, int16_t sks)"
SetMineralTitleBar,1028:47dc,0006:47dc,"void SetMineralTitleBar(HWND hwnd)"
DrawSelectionArrow,1028:4a68,0006:4a68,"void DrawSelectionArrow(HDC hdc, RECT *prc, int16_t fEnabled)"
DrawDiamond,1028:4b60,0006:4b60,"void DrawDiamond(HDC hdc, RECT *prc, HBRUSH hbr)"
FOtherStuffAtScanSel,1028:4d6e,0006:4d6e,"int16_t FOtherStuffAtScanSel()"
PopupMineralScanChoices,1028:4ecc,0006:4ecc,"void PopupMineralScanChoices(HWND hwnd, int16_t x, int16_t y)"
EstMineralsMined,1028:5362,0006:5362,"void EstMineralsMined(PLANET *lppl, int32_t *plQuan, int32_t cMines, int16_t fApply)"
MessageWndProc,1030:5c92,0007:5c92,"int32_t MessageWndProc(HWND hwnd, WMType message, uint16_t wParam, int32_t lParam)"
SetMsgTitle,1030:7218,0007:7218,"void SetMsgTitle(HWND hwnd)"
IMsgNext,1030:7808,0007:7808,"int16_t IMsgNext(int16_t fFilteredOnly)"
IMsgPrev,1030:78d8,0007:78d8,"int16_t IMsgPrev(int16_t fFilteredOnly)"
DecorateMsgTitleBar,1030:799c,0007:799c,"void DecorateMsgTitleBar(HDC hdc, RECT *prc)"
HtMsgBox,1030:7d8c,0007:7d8c,"HtMsgType HtMsgBox(POINT pt)"
FSendPlrMsg2,1030:7eaa,0007:7eaa,"int16_t FSendPlrMsg2(int16_t iPlr, int16_t iMsg, int16_t iObj, int16_t p1, int16_t p2)"
FSendPlrMsg,1030:7ee8,0007:7ee8,"int16_t FSendPlrMsg(int16_t iPlr, int16_t iMsg, int16_t iObj, int16_t p1, int16_t p2, int16_t p3, int16_t p4, int16_t p5, int16_t p6, int16_t p7)"
FSendPrependedPlrMsg,1030:7f80,0007:7f80,"int16_t FSendPrependedPlrMsg(int16_t iPlr, int16_t iMsg, int16_t iObj, int16_t p1, int16_t p2, int16_t p3, int16_t p4, int16_t p5, int16_t p6, int16_t p7)"
PackageUpMsg,1030:802a,0007:802a,"int16_t PackageUpMsg(uint8_t *pb, int16_t iPlr, int16_t iMsg, int16_t iObj, int16_t p1, int16_t p2, int16_t p3, int16_t p4, int16_t p5, int16_t p6, int16_t p7)"
FSendPlrMsg2XGen,1030:823a,0007:823a,"int16_t FSendPlrMsg2XGen(int16_t fPrepend, int16_t iMsg, int16_t iObj, int16_t p1, int16_t p2)"
IdmGetMessageN,1030:8412,0007:8412,"int16_t IdmGetMessageN(int16_t iMsg)"
FGetNMsgbig,1030:8444,0007:8444,"int16_t FGetNMsgbig(int16_t iMsg, MSGBIG *pmb)"
PszGetMessageN,1030:8580,0007:8580,"char * PszGetMessageN(int16_t iMsg)"
PszFormatString,1030:85cc,0007:85cc,"char * PszFormatString(char *pszFormat, int16_t *pParamsReal)"
MsgDlg,1030:8f68,0007:8f68,"int16_t MsgDlg(HWND hwnd, uint16_t message, uint16_t wParam, int32_t lParam)"
PszFormatMessage,1030:9220,0007:9220,"char * PszFormatMessage(MessageId idm, int16_t *pParams)"
PszFormatIds,1030:924c,0007:924c,"char * PszFormatIds(StringId ids, int16_t *pParams)"
FRemovePlayerMessage,1030:9278,0007:9278,"int16_t FRemovePlayerMessage(int16_t iPlr, int16_t iMsg, int16_t iObj)"
FFindPlayerMessage,1030:932a,0007:932a,"int16_t FFindPlayerMessage(int16_t iPlr, int16_t iMsg, int16_t iObj)"
MarkPlanetsPlayerLost,1030:93c6,0007:93c6,"void MarkPlanetsPlayerLost(int16_t iPlayer)"
MarkPlayersThatSentMsgs,1030:9604,0007:9604,"void MarkPlayersThatSentMsgs(int16_t iPlayer)"
WritePlayerMessages,1030:9702,0007:9702,"void WritePlayerMessages(int16_t iPlayer)"
ResetMessages,1030:98d6,0007:98d6,"void ResetMessages()"
ReadPlayerMessages,1030:994a,0007:994a,"void ReadPlayerMessages()"
FFinishPlrMsgEntry,1030:9bd6,0007:9bd6,"int16_t FFinishPlrMsgEntry(int16_t dInc)"
PszGetCompressedMessage,1030:9eb8,0007:9eb8,"char * PszGetCompressedMessage(MessageId idm)"
SetFilteringGroups,1030:a018,0007:a018,"void SetFilteringGroups(MessageId idm, int16_t fSet)"
FLookupSelPlanet,1038:0000,0008:0000,"int16_t FLookupSelPlanet(PLANET *ppl)"
FDupPlanet,1038:0032,0008:0032,"int16_t FDupPlanet(PLANET *lppl, PLANET *ppl)"
LpthFromId,1038:01b2,0008:01b2,"THING * LpthFromId(int16_t idth)"
LpplFromId,1038:021e,0008:021e,"PLANET * LpplFromId(int16_t idPlanet)"
CalcPctSurvive,1038:02f6,0008:02f6,"void CalcPctSurvive(PLANET *lppl, float *ppct, float *ppctSmart)"
FLookupPlanet,1038:04a6,0008:04a6,"int16_t FLookupPlanet(int16_t iPlanet, PLANET *ppl)"
DpOfLpflIshdef,1038:0746,0008:0746,"int32_t DpOfLpflIshdef(FLEET *lpfl, int16_t ishdef)"
FLookupThing,1038:07fe,0008:07fe,"int16_t FLookupThing(int16_t idth, THING *pth)"
SelectOursAtObject,1038:08f2,0008:08f2,"void SelectOursAtObject(POINT *ppt)"
LComputePower,1038:0b32,0008:0b32,"int32_t LComputePower(SHDEF *lpshdef)"
ComputeShdefPowers,1038:0e4e,0008:0e4e,"void ComputeShdefPowers()"
DpShieldOfShdef,1038:0f24,0008:0f24,"int32_t DpShieldOfShdef(SHDEF *lpshdef, int16_t iplr)"
IStargateFromLppl,1038:10fa,0008:10fa,"int16_t IStargateFromLppl(PLANET *lppl)"
PszPlayerName,1038:11f2,0008:11f2,"char * PszPlayerName(int16_t iPlayer, int16_t fCapital, int16_t fPlural, int16_t fThe, int16_t grWord, PLAYER *pplr)"
FCalcFleetBombDamage,1038:145c,0008:145c,"int16_t FCalcFleetBombDamage(FLEET *lpfl, int32_t *pdmgPeople, int32_t *pdmgPeopleMin, int32_t *pdmgPeopleSmart, int32_t *pdmgBldg, int32_t *ppctTerra, int16_t *pfMulti)"
LinkFleets,1038:1bb4,0008:1bb4,"void LinkFleets(int16_t fUnused)"
ICompFleetPoint,1038:1f0c,0008:1f0c,"int16_t ICompFleetPoint(void *arg1, void *arg2)"
ICompFleetPoint2,1038:1fa2,0008:1fa2,"int16_t ICompFleetPoint2(void *arg1, void *arg2)"
FLookupSelShip,1038:2032,0008:2032,"int16_t FLookupSelShip(FLEET *pfl)"
LpflFromId,1038:2078,0008:2078,"FLEET * LpflFromId(int16_t idFleet)"
FLookupFleet,1038:2160,0008:2160,"int16_t FLookupFleet(int16_t idFleet, FLEET *pfl)"
FDupFleet,1038:2332,0008:2332,"int16_t FDupFleet(FLEET *lpfl, FLEET *pfl)"
FLookupObject,1038:24a0,0008:24a0,"int16_t FLookupObject(GrobjClass grobj, int16_t id, void *pobj)"
FLookupOrbitingXfer,1038:24fa,0008:24fa,"int16_t FLookupOrbitingXfer(int16_t idPlanet, int16_t iNth, XFER *pxf, int16_t idSkip)"
PszGetThingName,1038:26de,0008:26de,"char * PszGetThingName(int16_t id)"
PszGetFleetName,1038:292c,0008:292c,"char * PszGetFleetName(int16_t id)"
WFromLpfl,1038:2b10,0008:2b10,"uint16_t WFromLpfl(FLEET *lpfl)"
PszFleetNameFromWord,1038:2b5e,0008:2b5e,"char * PszFleetNameFromWord(uint16_t w)"
PszGetPlanetName,1038:2c6a,0008:2c6a,"char * PszGetPlanetName(int16_t id)"
IflFromLpfl,1038:2ce8,0008:2ce8,"int16_t IflFromLpfl(FLEET *lpfl)"
FDeleteFleet,1038:2d44,0008:2d44,"int16_t FDeleteFleet(int16_t idFleet, GrobjClass grobjSel, int16_t idSel)"
LpflNew,1038:300c,0008:300c,"FLEET * LpflNew(int16_t iPlr, int16_t idPl)"
LpflNewSplit,1038:3372,0008:3372,"FLEET * LpflNewSplit(FLEET *pfl)"
FFleetMergeAll,1038:34d8,0008:34d8,"int16_t FFleetMergeAll(FLEET *pfl)"
FFleetSplitAll,1038:3a00,0008:3a00,"int16_t FFleetSplitAll(FLEET *pfl)"
PszGetLocName,1038:3b08,0008:3b08,"char * PszGetLocName(GrobjClass grobj, int16_t id, int16_t x, int16_t y)"
CchGetETA,1038:3bc8,0008:3bc8,"int16_t CchGetETA(HDC hdc, FLEET *lpfl, char *sz, int16_t iwp, int16_t fSmall)"
IshdefPrimaryFromLpfl,1038:3e1c,0008:3e1c,"int16_t IshdefPrimaryFromLpfl(FLEET *lpfl, int16_t *pcDiff)"
PszGetDistance,1038:3f00,0008:3f00,"char * PszGetDistance(int16_t x1, int16_t y1, int16_t x2, int16_t y2)"
DGetDistance,1038:3fe4,0008:3fe4,"double DGetDistance(int16_t x1, int16_t y1, int16_t x2, int16_t y2)"
FFindNearestObject,1038:4070,0008:4070,"int16_t FFindNearestObject(POINT pt, GrobjClass grobj, SCAN *pscan)"
UpdateShdefCost,1038:47b0,0008:47b0,"void UpdateShdefCost(SHDEF *lpshdef)"
WPackLong,1038:4ba2,0008:4ba2,"uint16_t WPackLong(int32_t l)"
GetPlanetScannerRange,1038:4c02,0008:4c02,"int16_t GetPlanetScannerRange(PLANET *lppl, int16_t *pDeep)"
GetCachedFleetScannerRange,1038:4e02,0008:4e02,"int16_t GetCachedFleetScannerRange(FLEET *lpfl, int16_t *pdPlanRange, int16_t *ppctDetect, int16_t *piSteal)"
GetFleetScannerRange,1038:4fb8,0008:4fb8,"int16_t GetFleetScannerRange(FLEET *lpfl, int16_t *pdPlanRange, int16_t *ppctDetect, int16_t *piSteal)"
GetShdefScannerRange,1038:50d0,0008:50d0,"int16_t GetShdefScannerRange(SHDEF *lpshdef, int16_t iplr, int16_t *pdPlanRange, int16_t *ppctDetect, int16_t *piSteal)"
LCalcFuelGainFromRamScoops,1038:56b8,0008:56b8,"int32_t LCalcFuelGainFromRamScoops(FLEET *lpfl, int16_t iWarp, int32_t dTravel)"
CalcPlayerScore,1038:58a6,0008:58a6,"int32_t CalcPlayerScore(int16_t iPlr, SCORE *pscore)"
GetTrueHullCost,1038:5dba,0008:5dba,"void GetTrueHullCost(int16_t iPlayer, HUL *lphul, uint16_t *rgCost)"
DecorateHullName,1038:5e0e,0008:5e0e,"void DecorateHullName(int16_t iplr, int16_t ish, char *psz)"
DrawABunchOfStars,1038:5fe2,0008:5fe2,"void DrawABunchOfStars(HDC hdc, RECT *prc)"
LongFromSerialCh,1038:6280,0008:6280,"int32_t LongFromSerialCh(char ch)"
FValidSerialNo,1038:62f8,0008:62f8,"int16_t FValidSerialNo(char *psz, int32_t *plSerial)"
FMatchTarget,1038:6612,0008:6612,"int16_t FMatchTarget(FLEET *lpflTarget, int16_t mdTarget, int16_t fExact)"
ValidateWaypoints,1038:68c6,0008:68c6,"void ValidateWaypoints()"
ChgPopFromPlanet,1038:7082,0008:7082,"int32_t ChgPopFromPlanet(PLANET *lppl, int16_t fUpdate)"
FCanFleetUseStargates,1038:75e2,0008:75e2,"int16_t FCanFleetUseStargates(FLEET *lpfl, POINT ptSrc, POINT ptDst)"
FFleetCanJumpgate,1038:7960,0008:7960,"int16_t FFleetCanJumpgate(FLEET *lpfl)"
WtFromLpfl,1038:7a68,0008:7a68,"int32_t WtFromLpfl(FLEET *lpfl)"
FCanBuildShdef,1038:7b40,0008:7b40,"int16_t FCanBuildShdef(SHDEF *lpshdef, int16_t iplr)"
IshFindSimilarDesign,1038:7c5e,0008:7c5e,"int16_t IshFindSimilarDesign(HUL *lphul, int16_t iPlrDst)"
DrawPlanetPrintDot,1038:7e44,0008:7e44,"void DrawPlanetPrintDot(HDC hdc, int16_t x, int16_t y, int16_t iSize)"
ClearFile,1038:7f6a,0008:7f6a,"void ClearFile(int16_t dt)"
OutputSz,1038:7fe6,0008:7fe6,"void OutputSz(int16_t dt, char *sz)"
TurnLog,1038:80c2,0008:80c2,"void TurnLog(StringId ids)"
PushRandom,1040:1440,0009:1440,"void PushRandom(int32_t lNew1, int32_t lNew2)"
PopRandom,1040:14a2,0009:14a2,"void PopRandom()"
Randomize,1040:15ea,0009:15ea,"void Randomize(uint32_t dw)"
Randomize2,1040:165a,0009:165a,"void Randomize2(uint32_t dw)"
Random,1040:16d2,0009:16d2,"int16_t Random(int16_t c)"
RandomSeedDlg,1040:188a,0009:188a,"int16_t RandomSeedDlg(HWND hwnd, WMType message, uint16_t wParam, int32_t lParam)"
GetFileSeeds,1040:1a4e,0009:1a4e,"void GetFileSeeds(int32_t *pl1, int32_t *pl2)"
SetFileSeeds,1040:1a7c,0009:1a7c,"void SetFileSeeds(int32_t l1, int32_t l2)"
SetFileXorStream,1040:1aa6,0009:1aa6,"void SetFileXorStream(int32_t lid, int16_t lSalt, int16_t turn, int16_t iPlayer, int16_t fCrippled)"
LGetNextFileXor,1040:1b54,0009:1b54,"int32_t LGetNextFileXor()"
XorFileBuf,1040:1cc4,0009:1cc4,"void XorFileBuf(char *rgb, int16_t cb)"
ICompLong,1040:1d74,0009:1d74,"int16_t ICompLong(void *arg1, void *arg2)"
PszGetCompressedPlanet,1040:1d96,0009:1d96,"char * PszGetCompressedPlanet(int16_t id)"
OutputFileString,1040:1f64,0009:1f64,"void OutputFileString(char *szFile, char *sz)"
CopyFile,1040:1ffa,0009:1ffa,"void CopyFile(char *szSrc, char *szDst)"
AlertSz,1040:2160,0009:2160,"int16_t AlertSz(char *sz, MessageBoxType mbType)"
CchGetString,1040:221e,0009:221e,"int16_t CchGetString(StringId ids, char *psz)"
PszFromInt,1040:2274,0009:2274,"char * PszFromInt(int16_t i, int16_t *pcch)"
PszFromLong,1040:22b6,0009:22b6,"char * PszFromLong(int32_t l, int16_t *pcch)"
PszFromLongK,1040:22fe,0009:22fe,"char * PszFromLongK(int32_t l, int16_t *pcch)"
CommaFormatLong,1040:2440,0009:2440,"int16_t CommaFormatLong(char *psz, int32_t l)"
CtrTextOut,1040:2534,0009:2534,"void CtrTextOut(HDC hdc, int16_t x, int16_t y, char *psz, int16_t cLen)"
DxStreamTextOut,1040:2590,0009:2590,"int16_t DxStreamTextOut(HDC hdc, int16_t *px, int16_t y, char *psz, int16_t cLen, int16_t fPrint)"
WrapTextOut,1040:25fe,0009:25fe,"void WrapTextOut(HDC hdc, int16_t *px, int16_t *py, char *psz, int16_t cLen, int16_t xLeft, int16_t dxWidth, int16_t *pxMax, int16_t fNewLine, int16_t fPrint)"
AddBackTrailingSpaces,1040:280c,0009:280c,"void AddBackTrailingSpaces(char **ppch, char *pchEnd)"
ChopLastWord,1040:2842,0009:2842,"void ChopLastWord(char *pBeg, char **ppEnd)"
ChopTrailingSpaces,1040:28c6,0009:28c6,"void ChopTrailingSpaces(char *pBeg, char **ppEnd)"
RcCtrTextOut,1040:28fc,0009:28fc,"void RcCtrTextOut(HDC hdc, RECT *prc, char *psz, int16_t cLen)"
RightTextOut,1040:29d6,0009:29d6,"void RightTextOut(HDC hdc, int16_t x, int16_t y, char *psz, int16_t cLen, int16_t dxErase)"
DiaganolTextOut,1040:2afa,0009:2afa,"void DiaganolTextOut(HDC hdc, RECT *prc, char *psz, int16_t cLen)"
ExpandRc,1040:2f0c,0009:2f0c,"void ExpandRc(RECT *prc, int16_t dx, int16_t dy)"
OffsetRc,1040:2f3e,0009:2f3e,"void OffsetRc(RECT *prc, int16_t dx, int16_t dy)"
BoundPoints,1040:2f70,0009:2f70,"void BoundPoints(RECT *prc, POINT *rgpt, int16_t cpt)"
StickyDlgPos,1040:3094,0009:3094,"void StickyDlgPos(HWND hwnd, POINT *ppt, int16_t fInit)"
LDrawGauge,1040:31a2,0009:31a2,"int32_t LDrawGauge(HDC hdc, RECT *prc, int16_t cSegs, int32_t *rgSize, uint16_t *rghbr, int32_t cTot)"
_Draw3dFrame,1040:336a,0009:336a,"void _Draw3dFrame(HDC hdc, RECT *prc, int16_t fErase)"
InitBtnTrack,1040:354c,0009:354c,"void InitBtnTrack(BTNT *pbtnt, HWND hwnd, HDC hdc, RECT *prc, int16_t btf, int16_t dTimer, int16_t fInitDown, int16_t fNoEndRedraw, char *szText)"
FTrackBtn,1040:364a,0009:364a,"int16_t FTrackBtn(BTNT *pbtnt)"
DrawBtn,1040:38b8,0009:38b8,"void DrawBtn(HDC hdc, RECT *prc, int16_t bt, int16_t fDown, char *szText)"
FGetMouseMove,1040:4146,0009:4146,"int16_t FGetMouseMove(POINT *ppt)"
FGetRMouseMove,1040:41e0,0009:41e0,"int16_t FGetRMouseMove(POINT *ppt)"
DrawFuzzyBorder,1040:427a,0009:427a,"void DrawFuzzyBorder(HDC hdc, RECT *prc)"
FStringFitsScreen,1040:43aa,0009:43aa,"int16_t FStringFitsScreen(char *lpsz, int16_t dxMax)"
HbrGet,1040:4448,0009:4448,"HBRUSH HbrGet(COLORREF cr)"
FreeHbr,1040:4532,0009:4532,"void FreeHbr(HBRUSH hbr)"
FCompressUserString,1040:45a0,0009:45a0,"int16_t FCompressUserString(char *szIn, char *szOut, int16_t *pcOut)"
FDecompressUserString,1040:46e8,0009:46e8,"int16_t FDecompressUserString(char *szIn, int16_t cIn, char *szOut, int16_t *pcOut)"
NybbleFromCh,1040:4880,0009:4880,"int16_t NybbleFromCh(uint8_t ch)"
ChFromNybble,1040:49ea,0009:49ea,"char ChFromNybble(int16_t nyb)"
DibNumColors,1040:4a9a,0009:4a9a,"uint16_t DibNumColors(void *pv)"
HpalFromDib,1040:4b50,0009:4b50,"HPALETTE HpalFromDib(HGLOBAL hdib)"
HpalBlackReserved,1040:4c9c,0009:4c9c,"HPALETTE HpalBlackReserved()"
PaletteSize,1040:4d60,0009:4d60,"uint16_t PaletteSize(void *pv)"
DibBlt,1040:4db8,0009:4db8,"int16_t DibBlt(HDC hdc, int16_t x0, int16_t y0, int16_t dx, int16_t dy, HGLOBAL hdib, int16_t x1, int16_t y1, int16_t dxSrc, int16_t dySrc, int32_t rop)"
DibFromBitmap,1040:4e90,0009:4e90,"HGLOBAL DibFromBitmap(uint16_t hbm, uint32_t biStyle, uint16_t biBits, HPALETTE hpal)"
HdibLoadBigResource,1040:5220,0009:5220,"HGLOBAL HdibLoadBigResource(int16_t idb)"
ReadBigBlock,1040:5310,0009:5310,"int16_t ReadBigBlock(int16_t hFile, char *lpBuffer, uint32_t dwSize)"
FIntersectCircleLine,1040:53b4,0009:53b4,"int16_t FIntersectCircleLine(POINT ptL1, POINT ptL2, POINT ptC, int32_t r2, int16_t dMax, int16_t *pdStart, int16_t *pdEnd)"
IntToRoman,1040:5830,0009:5830,"void IntToRoman(int16_t i, char *pszOut)"
FCheckPassword,1040:58d8,0009:58d8,"int16_t FCheckPassword()"
LSaltFromSz,1040:59ce,0009:59ce,"int32_t LSaltFromSz(char *psz)"
PasswordDlg,1040:5a72,0009:5a72,"int16_t PasswordDlg(HWND hwnd, WMType message, uint16_t wParam, int32_t lParam)"
NewPasswordDlg,1040:5cba,0009:5cba,"int16_t NewPasswordDlg(HWND hwnd, WMType message, uint16_t wParam, int32_t lParam)"
GetDiskSerialNumber,1040:5fc0,0009:5fc0,"uint32_t GetDiskSerialNumber()"
ShowProgressGauge,1040:636c,0009:636c,"void ShowProgressGauge()"
HideProgressGauge,1040:63b2,0009:63b2,"void HideProgressGauge()"
UpdateProgressGauge,1040:63da,0009:63da,"void UpdateProgressGauge(int16_t pctX10)"
ProgressGaugeDlg,1040:647e,0009:647e,"int16_t ProgressGaugeDlg(HWND hwnd, WMType message, uint16_t wParam, int32_t lParam)"
DrawProgressGauge,1040:65f6,0009:65f6,"void DrawProgressGauge(HDC hdcOrig, int16_t fFull, int16_t iNumOnly)"
LDistance2,1040:685c,0009:685c,"int32_t LDistance2(POINT pt1, POINT pt2)"
PszGetLine,1040:68ba,0009:68ba,"char * PszGetLine(char **ppszBeg)"
CParseNumbers,1040:6986,0009:6986,"int16_t CParseNumbers(char *psz, int32_t *pl, int16_t cMax)"
HfontPrinterCreate,1040:6aa6,0009:6aa6,"HFONT HfontPrinterCreate(HDC hdc, int16_t iSize, int16_t *pdyFont)"
PlanetWndProc,1048:0000,000a:0000,"int32_t PlanetWndProc(HWND hwnd, WMType message, uint16_t wParam, int32_t lParam)"
DrawPlanShip,1048:0d16,000a:0d16,"void DrawPlanShip(HDC hdc, int16_t grbit)"
FDrawTileNC,1048:1086,000a:1086,"int16_t FDrawTileNC(HDC hdc, TILE *ptile, RECT *prc, char *pszTitle)"
DrawPlanetMinSum,1048:12b2,000a:12b2,"void DrawPlanetMinSum(HDC hdc, TILE *ptile, OBJ obj)"
DrawPlanetStats,1048:1716,000a:1716,"void DrawPlanetStats(HDC hdc, TILE *ptile, OBJ obj)"
FGetBestDefensePart,1048:21f6,000a:21f6,"int16_t FGetBestDefensePart(PART *ppart)"
DrawPlanetStarbase,1048:22cc,000a:22cc,"void DrawPlanetStarbase(HDC hdc, TILE *ptile, OBJ obj)"
DrawMassWarpGauge,1048:2afa,000a:2afa,"void DrawMassWarpGauge(HDC hdc, RECT *prc, int16_t iBest, int16_t iCur)"
DrawPlanetProduction,1048:2c38,000a:2c38,"void DrawPlanetProduction(HDC hdc, TILE *ptile, OBJ obj)"
PszProductionETA,1048:310c,000a:310c,"char * PszProductionETA(PLANET *lppl, PLPROD *lpplprod, ProdItemType iItem, int16_t *etaFirst, int16_t *etaLast)"
DrawPlanShipBitmap,1048:3336,000a:3336,"void DrawPlanShipBitmap(HDC hdc, TILE *ptile, OBJ obj)"
DrawPlanetShipList,1048:377e,000a:377e,"void DrawPlanetShipList(HDC hdc, TILE *ptile, OBJ obj)"
SetPlanetTitleBar,1048:3dec,000a:3dec,"void SetPlanetTitleBar(HWND hwnd)"
ChangeMainObjSel,1048:3e7a,000a:3e7a,"void ChangeMainObjSel(GrobjClass grobjNew, int16_t iObjSel)"
FillShipDD,1048:42a0,000a:42a0,"void FillShipDD(int16_t idSkip)"
SelectAdjPlanet,1048:44da,000a:44da,"void SelectAdjPlanet(int16_t dInc, int16_t idPlanet)"
IdFindAdjStarbase,1048:474e,000a:474e,"int16_t IdFindAdjStarbase(int16_t idPlanet, int16_t fNext)"
PlanetClick,1048:489e,000a:489e,"void PlanetClick(int16_t x, int16_t y, int16_t sks, int16_t fRightBtn)"
ClickInPlanetOrders,1048:515c,000a:515c,"uint16_t ClickInPlanetOrders(POINT pt, int16_t sks, int16_t fCursor, int16_t fRightBtn)"
EnsureTileSize,1048:587e,000a:587e,"void EnsureTileSize(int16_t fSmallTiles)"
ReflowColumn,1048:5b80,000a:5b80,"void ReflowColumn(int16_t iCol, int16_t iTile, int16_t fRedraw)"
IBestTerraform,1048:5dd2,000a:5dd2,"int16_t IBestTerraform(PLANET *lppl, int16_t fHelp)"
PszCalcEnvVar,1048:5fcc,000a:5fcc,"char * PszCalcEnvVar(int16_t iEnv, int16_t iVar)"
PszCalcGravity,1048:6058,000a:6058,"char * PszCalcGravity(int16_t iGravity)"
HandleFocusState,1048:60e6,000a:60e6,"void HandleFocusState(DRAWITEMSTRUCT *lpdis, int16_t inflate)"
DrawCBEntireItem,1048:6128,000a:6128,"void DrawCBEntireItem(DRAWITEMSTRUCT *lpdis, int16_t inflate)"
DrawProductionItem,1048:6208,000a:6208,"void DrawProductionItem(HDC hdc, RECT *prc, char *psz, int16_t inflate, int16_t fSelected, int16_t fListbox)"
FillPlanetProdLB,1048:6692,000a:6692,"void FillPlanetProdLB(HWND hwnd, PLPROD *lpplprod, PLANET *lppl)"
PctPlanetCapacity,1048:6aca,000a:6aca,"int16_t PctPlanetCapacity(PLANET *lppl)"
PctPlanetOptValue,1048:6b88,000a:6b88,"int16_t PctPlanetOptValue(PLANET *lppl, int16_t iPlr)"
PctPlanetDesirability,1048:6e1e,000a:6e1e,"int16_t PctPlanetDesirability(PLANET *lppl, int16_t iPlr)"
CalcPlanetMaxPop,1048:7096,000a:7096,"int32_t CalcPlanetMaxPop(int16_t idpl, int16_t iplr)"
CMaxMines,1048:7248,000a:7248,"int16_t CMaxMines(PLANET *lppl, int16_t iplr)"
CMaxOperableMines,1048:7304,000a:7304,"int16_t CMaxOperableMines(PLANET *lppl, int16_t iplr, int16_t fNextYear)"
CMinesOperating,1048:73fc,000a:73fc,"int16_t CMinesOperating(PLANET *lppl)"
CFactoriesOperating,1048:74be,000a:74be,"int16_t CFactoriesOperating(PLANET *lppl)"
CMaxFactories,1048:755c,000a:755c,"int16_t CMaxFactories(PLANET *lppl, int16_t iplr)"
CMaxOperableFactories,1048:7618,000a:7618,"int16_t CMaxOperableFactories(PLANET *lppl, int16_t iplr, int16_t fNextYear)"
CMaxDefenses,1048:7710,000a:7710,"int16_t CMaxDefenses(PLANET *lppl, int16_t iplr)"
CMaxOperableDefenses,1048:77ae,000a:77ae,"int16_t CMaxOperableDefenses(PLANET *lppl, int16_t iplr, int16_t fNextYear)"
CResourcesAtPlanet,1048:788e,000a:788e,"int16_t CResourcesAtPlanet(PLANET *lppl, int16_t iplr)"
IWarpMAFromLppl,1048:7b10,000a:7b10,"int16_t IWarpMAFromLppl(PLANET *lppl, int16_t *pfTwo)"
StargateRangeFromLppl,1048:7cfa,000a:7cfa,"int16_t StargateRangeFromLppl(PLANET *lppl, int16_t iplr, int16_t ish)"
FProdIsTerra,1048:7e9a,000a:7e9a,"int16_t FProdIsTerra(PROD *lpprod)"
IpctCanTerraformLppl,1048:7f56,000a:7f56,"int16_t IpctCanTerraformLppl(PLANET *lppl)"
FCanTerraformLppl,1048:8022,000a:8022,"int16_t FCanTerraformLppl(PLANET *lppl, int16_t *rgEnvMin, int16_t *rgEnvMax, int16_t *rgEnvCost, int16_t fHelp)"
UninhabitPlanet,1048:8732,000a:8732,"void UninhabitPlanet(PLANET *lppl)"
PctCloakFromHuldef,1048:88c0,000a:88c0,"int16_t PctCloakFromHuldef(HUL *lphul, int16_t iplr, int16_t *ppctSteal)"
LogSplitFleet,1048:8b0e,000a:8b0e,"void LogSplitFleet(int16_t id)"
LogMergeFleet,1048:8b6c,000a:8b6c,"void LogMergeFleet(int16_t id)"
LogChangeShDef,1048:8c28,000a:8c28,"void LogChangeShDef(SHDEF *lpshdefNew)"
LogChangeName,1048:8d5a,000a:8d5a,"void LogChangeName(GrobjClass grobj, int16_t id, char *szName)"
LogChangeFleet,1048:8ebe,000a:8ebe,"void LogChangeFleet(FLEET *pfl, FLEET *pflNew)"
LogChangeRelations,1048:9340,000a:9340,"void LogChangeRelations()"
LogChangeBtlplan,1048:93d0,000a:93d0,"void LogChangeBtlplan(BTLPLAN *pbtlplan)"
LogChangePlanet,1048:9420,000a:9420,"void LogChangePlanet(PLANET *ppl, PLANET *pplNew)"
LogChangeThing,1048:9908,000a:9908,"void LogChangeThing(THING *lpth, THING *pthNew)"
LogMakeValidXfer,1048:99f6,000a:99f6,"void LogMakeValidXfer(LOGXFER *plx1, LOGXFER *plx2)"
LogMakeValidXferf,1048:9fa6,000a:9fa6,"void LogMakeValidXferf(LOGXFERF *plxf1, LOGXFERF *plxf2)"
CancelMemRt,1048:a108,000a:a108,"void CancelMemRt(RecordType rt)"
WriteMemRt,1048:a130,000a:a130,"void WriteMemRt(int16_t rt, int16_t cb, void *rg)"
DirtyGame,1048:a228,000a:a228,"void DirtyGame(int16_t fDirty)"
FGetPrevLogRt,1048:a25e,000a:a25e,"int16_t FGetPrevLogRt(HDR *phdr, uint8_t *pb)"
FRunLogFile,1048:a2d6,000a:a2d6,"int16_t FRunLogFile()"
FRunLogRecord,1048:a38c,000a:a38c,"int16_t FRunLogRecord(RecordType rt, int16_t cb, uint8_t *lpb)"
FLoadLogFile,1048:c7a2,000a:c7a2,"int16_t FLoadLogFile(char *pszLog)"
FCheckLogFile,1048:cccc,000a:cccc,"int16_t FCheckLogFile(int16_t iplr, int16_t *pfError)"
FWriteLogFile,1048:cdf6,000a:cdf6,"int16_t FWriteLogFile(char *pszFileBase, int16_t iPlayer)"
FWriteTutorialMFile,1048:d058,000a:d058,"int16_t FWriteTutorialMFile(int16_t iTurn)"
FWriteHistFile,1048:d29e,000a:d29e,"int16_t FWriteHistFile(int16_t iPlayer)"
EnumLogRts,1048:d6e0,000a:d6e0,"void EnumLogRts(int16_t (**pfn)(void *, int16_t, int16_t, void *, int16_t), void *lpPass, int16_t iPass)"
DrawShipOrders,1050:0000,000b:0000,"void DrawShipOrders(HDC hdc, TILE *ptile, OBJ obj)"
DrawShipWayPtOrders,1050:0912,000b:0912,"void DrawShipWayPtOrders(HDC hdc, TILE *ptile, OBJ obj)"
DrawShipPlanet,1050:17b6,000b:17b6,"void DrawShipPlanet(HDC hdc, TILE *ptile, OBJ obj)"
DrawShipCargo,1050:1a54,000b:1a54,"void DrawShipCargo(HDC hdc, TILE *ptile, OBJ obj)"
DrawFleetComp,1050:1e72,000b:1e72,"void DrawFleetComp(HDC hdc, TILE *ptile, OBJ obj)"
FCanSplit,1050:245c,000b:245c,"int16_t FCanSplit(int32_t cBoat)"
FCanSplitAll,1050:24ae,000b:24ae,"int16_t FCanSplitAll(int32_t cBoat)"
FCanMerge,1050:2522,000b:2522,"int16_t FCanMerge(FLEET *pfl)"
ShipCommandProc,1050:2640,000b:2640,"void ShipCommandProc(HWND hwnd, uint16_t wParam, int32_t lParam)"
SelectAdjFleet,1050:3d32,000b:3d32,"void SelectAdjFleet(int16_t dInc, int16_t idFleet)"
SetFleetDropDownSel,1050:400e,000b:400e,"void SetFleetDropDownSel(int16_t id)"
LGetFleetStat,1050:40f2,000b:40f2,"int32_t LGetFleetStat(FLEET *lpfl, int16_t grStat)"
WtMaxShdefStat,1050:41b2,000b:41b2,"int16_t WtMaxShdefStat(SHDEF *lpshdef, int16_t grStat)"
DrawFleetGauge,1050:44b6,000b:44b6,"void DrawFleetGauge(HDC hdc, RECT *prc, FLEET *lpfl, int16_t grbit)"
DrawFleetBitmap,1050:490e,000b:490e,"void DrawFleetBitmap(FLEET *lpfl, HDC hdc, int16_t x, int16_t y, int16_t fFrame, int16_t ibmp, int16_t cDiff, int16_t fShrink, int16_t ibmpRace, int16_t csh)"
FEnumCalcJettison,1050:4df4,000b:4df4,"int16_t FEnumCalcJettison(void *lprt, RecordType rt, int16_t cb, PLANET *lppl, int16_t iFleet)"
TransferStuff,1050:4faa,000b:4faa,"int16_t TransferStuff(int16_t id1, GrobjClass grobj1, int16_t id2, GrobjClass grobj2, int16_t mdXfer)"
TransferDlg,1050:5686,000b:5686,"int16_t TransferDlg(HWND hwnd, WMType message, uint16_t wParam, int32_t lParam)"
FTrackXfer,1050:5a16,000b:5a16,"int16_t FTrackXfer(HWND hwnd, int16_t x, int16_t y, int16_t fkb)"
GetCargoFree,1050:5f98,000b:5f98,"int32_t GetCargoFree(FLEET *lpfl)"
GetFuelFree,1050:6004,000b:6004,"int32_t GetFuelFree(FLEET *lpfl)"
ChgCargo,1050:6034,000b:6034,"int32_t ChgCargo(GrobjClass grobj, int16_t id, int16_t iSupply, int32_t dChg, void *pobj)"
XferSupply,1050:64cc,000b:64cc,"int32_t XferSupply(int16_t iSupply, int32_t cQuan)"
UpdateXferBtns,1050:66a8,000b:66a8,"void UpdateXferBtns()"
DrawXferDlg,1050:6908,000b:6908,"void DrawXferDlg(HWND hwnd, HDC hdc, RECT *prc, int16_t iSupply)"
GetXferLeftRightRcs,1050:6b46,000b:6b46,"void GetXferLeftRightRcs(RECT *prcWhole, RECT *prcLeft, RECT *prcRight)"
FSetupXferBtns,1050:6bea,000b:6bea,"int16_t FSetupXferBtns(RECT *prc)"
DrawThingXferSide,1050:7088,000b:7088,"void DrawThingXferSide(HDC hdc, RECT *prc, THING *pth, int16_t iSupply)"
DrawFleetCargoXferSide,1050:72de,000b:72de,"void DrawFleetCargoXferSide(HDC hdc, RECT *prc, FLEET *pfl, int16_t iSupply)"
DrawFleetShipsXferSide,1050:7726,000b:7726,"void DrawFleetShipsXferSide(HDC hdc, RECT *prc, FLEET *pfl, int16_t iSupply)"
DrawPlanetXferSide,1050:79ca,000b:79ca,"void DrawPlanetXferSide(HDC hdc, RECT *prc, PLANET *ppl, int16_t iSupply)"
ClickInShipOrders,1050:7cda,000b:7cda,"uint16_t ClickInShipOrders(POINT pt, int16_t sks, int16_t fCursor, int16_t fRightBtn)"
FillFleetCompLB,1050:9166,000b:9166,"void FillFleetCompLB()"
FillOrdersLB,1050:928c,000b:928c,"void FillOrdersLB()"
SetOrdersLbSel,1050:9354,000b:9354,"void SetOrdersLbSel(int16_t iSel)"
UpdateOrdersDDs,1050:93ee,000b:93ee,"void UpdateOrdersDDs(int16_t iLevel)"
FillBattleDD,1050:9a36,000b:9a36,"void FillBattleDD(int16_t iSel)"
DeleteCurWayPoint,1050:9b08,000b:9b08,"void DeleteCurWayPoint(int16_t fBackup)"
DeleteWpFar,1050:9e28,000b:9e28,"void DeleteWpFar(FLEET *lpfl, int16_t iDel, int16_t fRecycle)"
EstFuelUse,1050:9fe4,000b:9fe4,"int32_t EstFuelUse(FLEET *lpfl, int16_t iOrd, int16_t iWarp, int32_t dTravel, int16_t fRangeOnly)"
FakeEditProc,1050:a700,000b:a700,"int32_t FakeEditProc(HWND hwnd, WMType msg, uint16_t wParam, int32_t lParam)"
IFindIdealWarp,1050:a76e,000b:a76e,"int16_t IFindIdealWarp(FLEET *lpfl, int16_t fIgnoreScoops)"
LFuelUseToWaypoint,1050:a9f4,000b:a9f4,"int32_t LFuelUseToWaypoint(FLEET *lpfl, int16_t iwp, int16_t fMaxCargo)"
FleetTransferCargoBalance,1050:ae74,000b:ae74,"void FleetTransferCargoBalance(FLEET *pflNew1, FLEET *pflNew2)"
DestroyAllIshdefSB,1050:c280,000b:c280,"void DestroyAllIshdefSB(int16_t ishdefSB, int16_t iplr)"
DestroyAllIshdef,1050:c336,000b:c336,"void DestroyAllIshdef(int16_t ishdef, int16_t iplr)"
RemoveIshdefFromAllQueues,1050:c5e6,000b:c5e6,"void RemoveIshdefFromAllQueues(int16_t ishdef, int16_t fSpaceDocks)"
CshQueued,1050:c82c,000b:c82c,"int16_t CshQueued(int16_t ishdef, int16_t *pfProgress, int16_t fSpaceDocks)"
Merge2Fleets,1050:c9f6,000b:c9f6,"void Merge2Fleets(FLEET *lpflDst, FLEET *lpflDel, int16_t fNoDelete)"
FleetOrdersChangeTarget,1050:cafe,000b:cafe,"void FleetOrdersChangeTarget(FLEET *lpflOld)"
GetTruePartCost,1050:cd00,000b:cd00,"void GetTruePartCost(int16_t iPlayer, PART *ppart, uint16_t *rgCost)"
ScannerWndProc,1058:0032,000c:0032,"int32_t ScannerWndProc(HWND hwnd, WMType msg, uint16_t wParam, int32_t lParam)"
PtToScan,1058:0efc,000c:0efc,"int16_t PtToScan(int16_t d)"
ScanToPt,1058:0fc2,000c:0fc2,"int16_t ScanToPt(int16_t d)"
DrawScanner,1058:108a,000c:108a,"int16_t DrawScanner(HDC hdc, RECT *prc)"
DrawScanFleetCount,1058:47d2,000c:47d2,"void DrawScanFleetCount(FLEET *lpfl, int16_t x, int16_t y, HDC hdc, HDC hdcMem)"
CShipsScanVis,1058:4bf4,000c:4bf4,"int32_t CShipsScanVis(FLEET *lpfl)"
DrawRadarCircle,1058:4e7c,000c:4e7c,"void DrawRadarCircle(DRAWCIR *pdc, RECT *prc)"
DrawShipScanPath,1058:540c,000c:540c,"void DrawShipScanPath(HDC hdc, int16_t fShow)"
DrawScannerSBar,1058:62d8,000c:62d8,"void DrawScannerSBar(HDC hdc, RECT *prc, SBAR *psbar, int16_t fFullRedraw)"
DrawLockLight,1058:6b00,000c:6b00,"void DrawLockLight(HDC hdc, RECT *prc, int16_t fFullRedraw)"
SetScanScrollBars,1058:6c14,000c:6c14,"void SetScanScrollBars(HWND hwnd)"
ScrollScanner,1058:6d30,000c:6d30,"void ScrollScanner(int16_t dx, int16_t dy)"
RedrawScanSel,1058:6f30,000c:6f30,"void RedrawScanSel(HDC hdc, int16_t fVis)"
FEnsurePointOnScreen,1058:715c,000c:715c,"int16_t FEnsurePointOnScreen(POINT pt, int16_t fScroll)"
CtrPointScan,1058:7278,000c:7278,"void CtrPointScan(POINT pt, int16_t fScroll)"
LogicalToScan,1058:744e,000c:744e,"void LogicalToScan(POINT *ppt)"
ScanToLogical,1058:7490,000c:7490,"void ScanToLogical(POINT *ppt)"
FAddWayPoint,1058:7504,000c:7504,"int16_t FAddWayPoint(POINT ptIn, SCAN *pscan)"
IWarpBestForWaypoint,1058:7a18,000c:7a18,"int16_t IWarpBestForWaypoint(FLEET *lpfl, ORDER *lpord)"
FNearAWayPoint,1058:8074,000c:8074,"int16_t FNearAWayPoint(POINT pt, int16_t fLogical)"
FHandleWayPointDrag,1058:8176,000c:8176,"int16_t FHandleWayPointDrag(POINT pt)"
DrawScanXorLines,1058:8af6,000c:8af6,"void DrawScanXorLines(HDC hdc, POINT *rgpt, int16_t cpt)"
SetScanWp,1058:8c5a,000c:8c5a,"int16_t SetScanWp(int16_t iNew)"
ChangeScanSel,1058:8cc4,000c:8cc4,"void ChangeScanSel(SCAN *pscan, int16_t fValidScan)"
FGetNextObjHere,1058:909c,000c:909c,"int16_t FGetNextObjHere(SCAN *pscan, int16_t fOnlyOurs)"
FindDlg,1058:9286,000c:9286,"int16_t FindDlg(HWND hwnd, WMType msg, uint16_t wParam, int32_t lParam)"
FSelectSz,1058:945a,000c:945a,"int16_t FSelectSz(char *szName)"
GetScanFleetOrientation,1058:978c,000c:978c,"void GetScanFleetOrientation(FLEET *lpfl, POINT *ppt, POINT *pptD)"
GetDxDyOrientation,1058:987c,000c:987c,"void GetDxDyOrientation(int16_t dx, int16_t dy, POINT *ppt, POINT *pptD)"
FHandleMeasuringTape,1058:9974,000c:9974,"int16_t FHandleMeasuringTape(SCAN *pscan, POINT pt)"
LphbAlloc,1060:0000,000d:0000,"HB * LphbAlloc(uint16_t cb, HeapType ht)"
LphbReAlloc,1060:0108,000d:0108,"HB * LphbReAlloc(HB *lphb)"
FreeHb,1060:02d8,000d:02d8,"void FreeHb(HB *lphb)"
ResetHb,1060:0348,000d:0348,"void ResetHb(HeapType ht)"
LpAlloc,1060:03b2,000d:03b2,"void * LpAlloc(uint16_t cb, HeapType ht)"
LphbFromLpHt,1060:058c,000d:058c,"HB * LphbFromLpHt(void *lp, HeapType ht)"
LpReAlloc,1060:0660,000d:0660,"void * LpReAlloc(void *lp, uint16_t cb, HeapType ht)"
FreeLp,1060:07a8,000d:07a8,"void FreeLp(void *lp, HeapType ht)"
LpplReAlloc,1060:0836,000d:0836,"PL * LpplReAlloc(PL *lppl, uint16_t cAlloc)"
LpplAlloc,1060:088c,000d:088c,"PL * LpplAlloc(uint16_t cbItem, uint16_t cAlloc, HeapType ht)"
FreePl,1060:0918,000d:0918,"void FreePl(PL *lppl)"
TbWndProc,1068:001e,000e:001e,"int32_t TbWndProc(HWND hwnd, WMType msg, uint16_t wParam, int32_t lParam)"
DrawToolbar,1068:06f0,000e:06f0,"void DrawToolbar(HDC hdc, RECT *prc)"
DrawBitmapButton,1068:078c,000e:078c,"void DrawBitmapButton(HDC hdc, POINT pt, int16_t ibtn, int16_t fDown)"
ItbFromPpt,1068:0b12,000e:0b12,"int16_t ItbFromPpt(POINT *ppt)"
DxOfBtn,1068:0bb2,000e:0bb2,"int16_t DxOfBtn(int16_t itb)"
FIsButtonDown,1068:0c3a,000e:0c3a,"int16_t FIsButtonDown(int16_t itb)"
ExecuteButton,1068:0db6,000e:0db6,"void ExecuteButton(int16_t itb, int16_t fDown)"
TerminateToolbarFocus,1068:1680,000e:1680,"void TerminateToolbarFocus(int16_t fCancel)"
ShowTooltip,1068:17ea,000e:17ea,"void ShowTooltip(StringId ids, RECT *prc)"
TooltipWndProc,1068:19e4,000e:19e4,"int32_t TooltipWndProc(HWND hwnd, WMType msg, uint16_t wParam, int32_t lParam)"
FakeComboProc,1068:1d72,000e:1d72,"int32_t FakeComboProc(HWND hwnd, WMType msg, uint16_t wParam, int32_t lParam)"
FakeCEProc,1068:1df0,000e:1df0,"int32_t FakeCEProc(HWND hwnd, WMType msg, uint16_t wParam, int32_t lParam)"
FReadShDef,1070:0006,000f:0006,"int16_t FReadShDef(RTSHDEF *lprt, SHDEF *lpshdef, int16_t iplrLoad)"
ReadRtPlr,1070:05e2,000f:05e2,"void ReadRtPlr(PLAYER *pplr, uint8_t *pbIn)"
FLoadGame,1070:0810,000f:0810,"int16_t FLoadGame(char *pszFileName, char *pszExt)"
FReadPlanet,1070:3206,000f:3206,"int16_t FReadPlanet(int16_t iPlayer, PLANET *lppl, int16_t fHistory, int16_t fPreInited)"
FReadFleet,1070:3a4c,000f:3a4c,"int16_t FReadFleet(FLEET *lpfl)"
UnpackBattlePlan,1070:40ce,000f:40ce,"void UnpackBattlePlan(uint8_t *lpb, BTLPLAN *lpbtlplan, int16_t iplan)"
UpdateBattleRecords,1070:41ac,000f:41ac,"void UpdateBattleRecords()"
AskSaveDialog,1070:432a,000f:432a,"int16_t AskSaveDialog(HWND hwnd, WMType message, uint16_t wParam, int32_t lParam)"
PromptSaveGame,1070:43ee,000f:43ee,"void PromptSaveGame()"
DestroyCurGame,1070:44b0,000f:44b0,"void DestroyCurGame()"
FBogusLong,1070:484c,000f:484c,"int16_t FBogusLong(uint32_t lSerial)"
FValidSerialLong,1070:48c4,000f:48c4,"int16_t FValidSerialLong(uint32_t lSerial)"
FileError,1070:4a10,000f:4a10,"void FileError(MessageId ids)"
GetFileStatus,1070:4a60,000f:4a60,"void GetFileStatus(int16_t dt, int16_t iPlayer)"
FOpenFile,1070:4ac2,000f:4ac2,"int16_t FOpenFile(DtFileType dt, int16_t iPlayer, int16_t md)"
FNewTurnAvail,1070:4f22,000f:4f22,"int16_t FNewTurnAvail(int16_t idPlayer)"
FCheckFile,1070:4fb2,000f:4fb2,"int16_t FCheckFile(DtFileType dt, int16_t iPlayer, uint16_t md)"
ReadRt,1070:5168,000f:5168,"void ReadRt()"
FBadFileError,1070:524e,000f:524e,"int16_t FBadFileError(StringId ids)"
StreamOpen,1070:52ae,000f:52ae,"void StreamOpen(char *szFile, int16_t mdOpen)"
StreamClose,1070:53cc,000f:53cc,"void StreamClose()"
RgFromStream,1070:53f4,000f:53f4,"void RgFromStream(void *rg, uint16_t cb)"
WriteOrders,1070:547e,000f:547e,"void WriteOrders(FLEET *lpfl)"
WriteRtPlr,1070:551c,000f:551c,"void WriteRtPlr(PLAYER *pplr, uint8_t *pbStore)"
WriteRtShDef,1070:574e,000f:574e,"void WriteRtShDef(SHDEF *lpshdef, uint8_t **ppbStore)"
FWriteDataFile,1070:5964,000f:5964,"int16_t FWriteDataFile(char *pszFileBase, int16_t iPlayer, int16_t fAppend)"
FAppendFile,1070:704e,000f:704e,"int16_t FAppendFile(int16_t iPlayer)"
WriteBattles,1070:709c,000f:709c,"void WriteBattles(int16_t iPlayer)"
WritePlanet,1070:7a6a,000f:7a6a,"void WritePlanet(PLANET *lppl, RecordType rt, int16_t fHistory)"
WriteFleet,1070:81c6,000f:81c6,"void WriteFleet(FLEET *lpfl)"
WriteRtString,1070:87b4,000f:87b4,"void WriteRtString(char *lpsz)"
MarkFleet,1070:885e,000f:885e,"void MarkFleet(FLEET *lpfl, int16_t det)"
WriteBattlePlan,1070:89b8,000f:89b8,"void WriteBattlePlan(BTLPLAN *lpbtlplan, int16_t fLog)"
MarkPlanet,1070:8adc,000f:8adc,"void MarkPlanet(PLANET *lppl, int16_t iPlr, uint16_t det)"
SetSzWorkFromDt,1070:8cfe,000f:8cfe,"void SetSzWorkFromDt(DtFileType dt, int16_t iPlayer)"
FCreateFile,1070:8e16,000f:8e16,"int16_t FCreateFile(DtFileType dt, int16_t iPlayer, char *szForceName)"
WriteBOF,1070:8ea4,000f:8ea4,"void WriteBOF(int16_t iPlayer, int16_t dt, int16_t fMulti)"
FMarkFile,1070:904a,000f:904a,"int16_t FMarkFile(DtFileType dt, int16_t iPlayer, int16_t mdMark, int16_t f)"
WriteRt,1070:947c,000f:947c,"void WriteRt(RecordType rt, int16_t cb, void *rg)"
RgToStream,1070:9554,000f:9554,"void RgToStream(void *rg, uint16_t cb)"
SetVisiblePlanFleet,1070:95bc,000f:95bc,"void SetVisiblePlanFleet(int16_t iPlr)"
SetVisPFInit,1070:9654,000f:9654,"void SetVisPFInit(int16_t iPlr)"
SetVisPFFleets,1070:a100,000f:a100,"void SetVisPFFleets(int16_t iPlr)"
SetVisPFPlanets,1070:abde,000f:abde,"void SetVisPFPlanets(int16_t iPlr)"
SetVisPFThings,1070:b9ee,000f:b9ee,"void SetVisPFThings(int16_t iPlr)"
SetVisPFFinish,1070:c41c,000f:c41c,"void SetVisPFFinish(int16_t iPlr)"
InitBattlePlan,1078:00c0,0010:00c0,"void InitBattlePlan(BTLPLAN *lpbtlplan, int16_t iplan, int16_t iplr)"
GenerateWorld,1078:0136,0010:0136,"int16_t GenerateWorld(int16_t fBatchMode)"
CreateStartupShip,1078:4690,0010:4690,"int16_t CreateStartupShip(int16_t iplr, int16_t idPlanet, int16_t ishdef, int16_t fAddShdef)"
GenNewGameFromFile,1078:4812,0010:4812,"int16_t GenNewGameFromFile(char *pszFile)"
CreateTutorWorld,1078:5e5e,0010:5e5e,"void CreateTutorWorld()"
NewGameWizard,1078:6022,0010:6022,"void NewGameWizard(HWND hwnd, int16_t fReadOnly)"
InitNewGamePlr,1078:6e44,0010:6e44,"void InitNewGamePlr(int16_t iStepMaxSoFar, int16_t lvlAi)"
InitNewGame3,1078:74f8,0010:74f8,"void InitNewGame3()"
FGetNewGameName,1078:7508,0010:7508,"int16_t FGetNewGameName(char *szFileSuggest)"
SimpleNewGameDlg,1078:76aa,0010:76aa,"int16_t SimpleNewGameDlg(HWND hwnd, WMType message, uint16_t wParam, int32_t lParam)"
NewGameDlg,1078:7e92,0010:7e92,"int16_t NewGameDlg(HWND hwnd, WMType message, uint16_t wParam, int32_t lParam)"
NewGameDlg2,1078:87d2,0010:87d2,"int16_t NewGameDlg2(HWND hwnd, WMType message, uint16_t wParam, int32_t lParam)"
DrawNewGame2,1078:9556,0010:9556,"void DrawNewGame2(HWND hwnd, HDC hdc, int16_t iDraw)"
NewGameDlg3,1078:99f4,0010:99f4,"int16_t NewGameDlg3(HWND hwnd, WMType message, uint16_t wParam, int32_t lParam)"
DrawNewGame3,1078:9d5e,0010:9d5e,"void DrawNewGame3(HWND hwnd, HDC hdc, int16_t iDraw)"
FTrackNewGameDlg3,1078:a210,0010:a210,"int16_t FTrackNewGameDlg3(HWND hwnd, POINT pt, int16_t kbd)"
SetNGWTitle,1078:a320,0010:a320,"void SetNGWTitle(HWND hwnd, int16_t iStep)"
LpplrComp,1078:b570,0010:b570,"PLAYER * LpplrComp(int16_t idAi, int16_t lvlAi)"
SetVCCheck,1078:b5bc,0010:b5bc,"void SetVCCheck(GAME *pgame, int16_t vc, int16_t fChecked)"
GetVCCheck,1078:b60c,0010:b60c,"int16_t GetVCCheck(GAME *pgame, int16_t vc)"
SetVCVal,1078:b644,0010:b644,"int16_t SetVCVal(GAME *pgame, int16_t vc, int16_t val)"
GetVCVal,1078:b710,0010:b710,"int16_t GetVCVal(GAME *pgame, int16_t vc, int16_t fRaw)"
ZipOrderDlg,1080:0000,0011:0000,"int16_t ZipOrderDlg(HWND hwnd, WMType message, uint16_t wParam, int32_t lParam)"
EnableZipBtns,1080:0832,0011:0832,"void EnableZipBtns(HWND hwnd, int16_t iSel)"
RenameZipDlg,1080:0880,0011:0880,"int16_t RenameZipDlg(HWND hwnd, WMType message, uint16_t wParam, int32_t lParam)"
RenameDlg,1080:0a68,0011:0a68,"int16_t RenameDlg(HWND hwnd, WMType message, uint16_t wParam, int32_t lParam)"
FStargateJump,1080:0cfe,0011:0cfe,"int16_t FStargateJump(FLEET *lpfl, int16_t isbsSrc, int16_t isbsDst, int16_t dDist)"
MdCalcStargateDamage,1080:152e,0011:152e,"int16_t MdCalcStargateDamage(int16_t isbsSrc, int16_t isbsDst, int16_t dDist, int16_t wt, int16_t *ppctDmg)"
KillUsedWaypoints,1080:189a,0011:189a,"void KillUsedWaypoints()"
NoAutoTrackFleet,1080:1d32,0011:1d32,"void NoAutoTrackFleet(FLEET *lpflTarget)"
AutoRouteFleet,1080:1e52,0011:1e52,"void AutoRouteFleet(FLEET *lpfl, PLANET *lppl)"
FColonizer,1080:227c,0011:227c,"int16_t FColonizer(FLEET *lpfl)"
FScout,1080:2322,0011:2322,"int16_t FScout(FLEET *lpfl)"
AutoFleetOrder,1080:23c8,0011:23c8,"void AutoFleetOrder(FLEET *lpfl, PLANET *lppl)"
CMineFromLpfl,1080:25d2,0011:25d2,"int32_t CMineFromLpfl(FLEET *lpfl)"
PctTerraFromLpfl,1080:275c,0011:275c,"int32_t PctTerraFromLpfl(FLEET *lpfl)"
CLayMinesFromLpfl,1080:2886,0011:2886,"int32_t CLayMinesFromLpfl(FLEET *lpfl, int16_t iType, int16_t ishdef)"
CMineSweepFromLpfl,1080:2b26,0011:2b26,"int32_t CMineSweepFromLpfl(FLEET *lpfl)"
CMineSweepFromLphul,1080:2bfa,0011:2bfa,"int32_t CMineSweepFromLphul(HUL *lphul)"
PctCloakFromLpfl,1080:2d5e,0011:2d5e,"int16_t PctCloakFromLpfl(FLEET *lpfl)"
CPtsCloakFromLphs,1080:3170,0011:3170,"int16_t CPtsCloakFromLphs(HS *lphs)"
MergeFleetsDlg,1080:3376,0011:3376,"int16_t MergeFleetsDlg(HWND hwnd, WMType msg, uint16_t wParam, int32_t lParam)"
MarkTechsSeen,1080:36b6,0011:36b6,"void MarkTechsSeen(HUL *lphul, int16_t iplr)"
DoAiTurn,1088:0000,0012:0000,"void DoAiTurn(int16_t iPlayer, uint16_t wMdPlr)"
DoRobotoidAiTurn,1088:0312,0012:0312,"void DoRobotoidAiTurn(PROD *rgprod)"
EnsureRobotoidShdefs,1088:20ae,0012:20ae,"void EnsureRobotoidShdefs()"
IdTargetArmada,1088:288e,0012:288e,"int16_t IdTargetArmada(FLEET *lpfl)"
FPotentRobWarFleet,1088:31bc,0012:31bc,"int16_t FPotentRobWarFleet(FLEET *lpfl, int16_t iPotency)"
FEnumCalcEnemyFleets,1088:325c,0012:325c,"int16_t FEnumCalcEnemyFleets(FLEET *lpflSrc, FLEET *lpflTest)"
FEnumCalcArmadaDest,1088:3286,0012:3286,"int16_t FEnumCalcArmadaDest(PLANET *lpplSrc, PLANET *lpplTest)"
FEnumCalcArmadaHumanDest,1088:3406,0012:3406,"int16_t FEnumCalcArmadaHumanDest(PLANET *lpplSrc, PLANET *lpplTest)"
DoTurinDroneAiTurn,1088:3670,0012:3670,"void DoTurinDroneAiTurn(PROD *rgprod)"
EnsureTurinDroneShdefs,1088:58ba,0012:58ba,"void EnsureTurinDroneShdefs(int16_t iroCur)"
FEnumCalcMinerDest,1088:5f32,0012:5f32,"int16_t FEnumCalcMinerDest(PLANET *lpplSrc, PLANET *lpplTest)"
FEnumCalcColonistDrop,1088:5fc8,0012:5fc8,"int16_t FEnumCalcColonistDrop(PLANET *lpplSrc, PLANET *lpplTest)"
FCreateAiShdef,1090:012c,0013:012c,"int16_t FCreateAiShdef(int16_t ishdef, int16_t ihul, uint8_t *rgaip)"
FGetAIPart,1090:043e,0013:043e,"int16_t FGetAIPart(int16_t aip, PART *ppart)"
PickANameAndBmp,1090:055a,0013:055a,"void PickANameAndBmp(SHDEF *pshdef, StringId ids, int16_t cids, int16_t ibmpStart)"
FChangeAiShdef,1090:08a2,0013:08a2,"int16_t FChangeAiShdef(SHDEF *pshdef, int16_t ishdef)"
XferAiSupply,1090:0ad0,0013:0ad0,"int16_t XferAiSupply(GrobjClass grobjSrc, int16_t idSrc, GrobjClass grobjDst, int16_t idDst, int16_t iSupply, int16_t cQuan)"
XferAiTroopers,1090:0bc2,0013:0bc2,"int16_t XferAiTroopers(int16_t idSrc, int16_t idDst, int16_t cQuan)"
FColonizeAiFleet,1090:0c78,0013:0c78,"int16_t FColonizeAiFleet(FLEET *lpfl, int16_t idPlanet)"
FGotoWormholeAiFleet,1090:0d5c,0013:0d5c,"int16_t FGotoWormholeAiFleet(FLEET *lpfl, THING *lpthWorm)"
IdNearestColonizablePlanet,1090:0e3e,0013:0e3e,"int16_t IdNearestColonizablePlanet(FLEET *lpflCol, THING **plpthWorm)"
LpthWormFind,1090:12e6,0013:12e6,"THING * LpthWormFind(POINT *ppt, int32_t d2)"
UlFleetPower,1090:14de,0013:14de,"uint32_t UlFleetPower(FLEET *lpfl)"
IdNearestUnknownPlanet,1090:15a4,0013:15a4,"int16_t IdNearestUnknownPlanet(FLEET *lpfl, THING **plpthWorm)"
AddMinesToBlockedQueues,1090:1792,0013:1792,"void AddMinesToBlockedQueues()"
FFleetInField,1090:1cf6,0013:1cf6,"int16_t FFleetInField(FLEET *lpfl, THING *lpth)"
SetAiFleetIdealSpeed,1090:1d9e,0013:1d9e,"void SetAiFleetIdealSpeed(FLEET *lpfl, int16_t wtFuelMax, int16_t cMinefields, THING **rglpth)"
IdTargetAttack,1090:1ffe,0013:1ffe,"int16_t IdTargetAttack(FLEET *lpfl, FLEET *lpflAtk, FLEET *lpflEnemy, int16_t fOnlyHumans)"
IdTargetFreighter,1090:286c,0013:286c,"int16_t IdTargetFreighter(FLEET *lpflFr, PLANET *lpplHome)"
FSalvageTargetFreighter2,1090:395a,0013:395a,"int16_t FSalvageTargetFreighter2(FLEET *lpflFr, int16_t fNeedy, int16_t iWorst, int16_t pctFull, int32_t wtCargoMax, int32_t scoreBest, THING **plpthBest, int16_t *pidBest)"
FMoveAiFleet,1090:3d0a,0013:3d0a,"int16_t FMoveAiFleet(FLEET *lpfl, ORDER *pord, int16_t fAppend)"
AddItemToQueue,1090:3e50,0013:3e50,"void AddItemToQueue(uint16_t iItem, uint16_t cItem, GrobjClass grobj, int16_t mdAddItem)"
IroEnsureAi,1090:425a,0013:425a,"int16_t IroEnsureAi(uint8_t *lpbRes, int16_t cRes, int16_t *pishdefSBLatest, int16_t pct)"
KeepFleetsMoving,1090:45ca,0013:45ca,"void KeepFleetsMoving()"
FShouldWeBuildColonizers,1090:476a,0013:476a,"int16_t FShouldWeBuildColonizers(int16_t *pcCol)"
FIsAiAttack,1090:4a72,0013:4a72,"int16_t FIsAiAttack(FLEET *lpfl)"
FIsTurinDroneAiAttack,1090:4b9a,0013:4b9a,"int16_t FIsTurinDroneAiAttack(FLEET *lpfl)"
FIsAiTransport,1090:4c08,0013:4c08,"int16_t FIsAiTransport(FLEET *lpfl)"
ValidateStarbaseHistory,1090:4cf0,0013:4cf0,"void ValidateStarbaseHistory()"
GetResourcesAvailable,1090:56d0,0013:56d0,"void GetResourcesAvailable(PLANET *lppl, int32_t *rgRes)"
GetProdQCost,1090:57c0,0013:57c0,"void GetProdQCost(PLANET *lppl, int32_t *rgCost)"
MergeAllShdefs,1090:58be,0013:58be,"void MergeAllShdefs(int16_t grbitish)"
LpflFindClosestEnum,1090:5bae,0013:5bae,"FLEET * LpflFindClosestEnum(FLEET *lpfl, int16_t (**pfn)(FLEET *, FLEET *))"
LpplFindClosestEnum,1090:5cd4,0013:5cd4,"PLANET * LpplFindClosestEnum(PLANET *lppl, int16_t (**pfn)(PLANET *, PLANET *))"
LpplFindBestEnum,1090:5e06,0013:5e06,"PLANET * LpplFindBestEnum(PLANET *lppl, int16_t (**pfn)(PLANET *, PLANET *))"
IdRandomPlanetNearby,1090:5f54,0013:5f54,"int16_t IdRandomPlanetNearby(POINT pt, int16_t cDist, int16_t fAvoidStarbases)"
ClearAiCurrentTask,1090:60c0,0013:60c0,"void ClearAiCurrentTask(FLEET *lpfl, int16_t fChangeSel)"
FEnumOurStarbase,1090:6110,0013:6110,"int16_t FEnumOurStarbase(PLANET *lpplSrc, PLANET *lpplTest)"
FFleetMightHaveTeeth,1090:6152,0013:6152,"int16_t FFleetMightHaveTeeth(FLEET *lpfl)"
IdTargetScout,1090:61de,0013:61de,"int16_t IdTargetScout(FLEET *lpfl, FLEET *lpflAtk, FLEET *lpflEnemy, int16_t fOnlyHumans, THING **plpthWorm)"
MarkPlanetsUnderAttack,1090:6896,0013:6896,"void MarkPlanetsUnderAttack()"
FixPlanetsUnderAttack,1090:69e6,0013:69e6,"void FixPlanetsUnderAttack(PROD *rgprod)"
QuickBuildDefenses,1090:6a7e,0013:6a7e,"void QuickBuildDefenses(PLANET *lppl, PROD *rgprod)"
IdplFindClosestStarbase,1090:6e04,0013:6e04,"int16_t IdplFindClosestStarbase(FLEET *lpfl, int16_t fBigOnes)"
FMoveToNearestStarbase,1090:6f7e,0013:6f7e,"int16_t FMoveToNearestStarbase(FLEET *lpfl, int16_t fBigOnes)"
MoveToNearestPlanetOrEnemy,1090:7014,0013:7014,"void MoveToNearestPlanetOrEnemy(FLEET *lpfl, int16_t dEnemyRange)"
EnsureAiStarbaseDesigns,1090:7222,0013:7222,"void EnsureAiStarbaseDesigns()"
EnsureMacintiStarbaseDesigns,1090:76e4,0013:76e4,"void EnsureMacintiStarbaseDesigns(uint8_t *rgSB)"
FCreateAiStarbase,1090:7bca,0013:7bca,"int16_t FCreateAiStarbase(int16_t ishdef, int16_t iLevel, int16_t aisb, int16_t isb)"
FAIFling,1090:7dd6,0013:7dd6,"int16_t FAIFling(PLANET *lppl, int32_t *rgResAvail)"
IshdefAiSBLatestOF,1090:8458,0013:8458,"int16_t IshdefAiSBLatestOF()"
IshdefAiSBLatest,1090:84be,0013:84be,"int16_t IshdefAiSBLatest()"
QueueAiStarbases,1090:8524,0013:8524,"void QueueAiStarbases(PROD *rgprod, int16_t ishdefSBLatest)"
FUpgradeAiStarbase,1090:882a,0013:882a,"int16_t FUpgradeAiStarbase(PLANET *lppl, int16_t ishdefSBLatest)"
FQueueAiTerraforming,1090:8d28,0013:8d28,"int16_t FQueueAiTerraforming(PLANET *lppl, int32_t *rgResAvail, int32_t *rgResCost)"
FQueueAiScanner,1090:90d6,0013:90d6,"int16_t FQueueAiScanner(PLANET *lppl, int32_t *rgResAvail, int32_t *rgResCost)"
FQueueAiDefenses,1090:939a,0013:939a,"int16_t FQueueAiDefenses(PLANET *lppl, int32_t *rgResAvail, int32_t *rgResCost)"
HandleBasicAiTasks,1090:95a4,0013:95a4,"void HandleBasicAiTasks(int16_t iroCur, PROD *rgprod, int16_t ishdefSBLatest, int32_t *rgResAvail, int32_t *rgResCost)"
SplitOutShdefs,1090:98d8,0013:98d8,"void SplitOutShdefs(uint8_t *rgbIsh)"
CheckAiShdefStatus,1090:9b10,0013:9b10,"int16_t CheckAiShdefStatus(int16_t ishBeg, int16_t ishEnd, uint16_t cRecyclePeriod, int16_t *piLatest, uint8_t *rgbOld)"
IncreaseAIMinefieldSizes,1090:9c66,0013:9c66,"void IncreaseAIMinefieldSizes()"
FFindBuddyAndJoinUp,1090:9d18,0013:9d18,"int16_t FFindBuddyAndJoinUp(FLEET *lpfl, int16_t ishLo, int16_t ishHi, int32_t lMaxDist1, int32_t lMaxDist2)"
FShouldPlanetBuildColonizer,1090:9f30,0013:9f30,"int16_t FShouldPlanetBuildColonizer(PLANET *lpplSrc)"
InitRandomPlanetList,1090:a082,0013:a082,"void InitRandomPlanetList()"
DoMaidAiTurn,1098:0000,0014:0000,"void DoMaidAiTurn(PROD *rgprod)"
FPotentISWarFleet,1098:012e,0014:012e,"int16_t FPotentISWarFleet(FLEET *lpfl, int16_t iPotency)"
DoAutomitronAiTurn,1098:01e0,0014:01e0,"void DoAutomitronAiTurn(PROD *rgprod)"
EnsureISShdefs,1098:1938,0014:1938,"void EnsureISShdefs(int16_t iroCur)"
DoRototillAiTurn,1098:1e22,0014:1e22,"void DoRototillAiTurn(PROD *rgprod)"
EnsureCAShdefs,1098:3020,0014:3020,"void EnsureCAShdefs(int16_t iroCur)"
DoMacintiAiTurn,10a0:0008,0015:0008,"void DoMacintiAiTurn(PROD *rgprod)"
EnsureMacintiShdefs,10a0:2b3c,0015:2b3c,"void EnsureMacintiShdefs()"
FRetargetMiner,10a0:336c,0015:336c,"int16_t FRetargetMiner(FLEET *lpfl)"
IdTargetMacFreighter,10a0:3524,0015:3524,"int16_t IdTargetMacFreighter(FLEET *lpfl)"
TargetMacArmada,10a0:3e3a,0015:3e3a,"void TargetMacArmada(FLEET *lpfl)"
FPotentMacWarFleet,10a0:42ec,0015:42ec,"int16_t FPotentMacWarFleet(FLEET *lpfl, int16_t *pcEquiv)"
DoCyberAiTurn,10a8:002a,0016:002a,"void DoCyberAiTurn(PROD *rgprod)"
DoCyberPackets,10a8:1a78,0016:1a78,"void DoCyberPackets()"
IdGetBestScannerDest,10a8:282a,0016:282a,"int16_t IdGetBestScannerDest(PLANET *lppl, int16_t iDir)"
FAddPacketToQueue,10a8:2bc0,0016:2bc0,"int16_t FAddPacketToQueue(PLANET *lppl)"
FillProductionQueue,10a8:2ce2,0016:2ce2,"void FillProductionQueue()"
FFillProdMinesAndFactories,10a8:2d72,0016:2d72,"int16_t FFillProdMinesAndFactories(PLANET *lppl)"
DoCyberFreighter,10a8:37b0,0016:37b0,"void DoCyberFreighter(FLEET *lpfl, CYBERINFOTEMP *lpciPlanTemp)"
FEnumDropOffStage1,10a8:3d00,0016:3d00,"int16_t FEnumDropOffStage1(PLANET *lpplSrc, PLANET *lpplTest)"
FEnumDropOffStage2,10a8:3dfe,0016:3dfe,"int16_t FEnumDropOffStage2(PLANET *lpplSrc, PLANET *lpplTest)"
FEnumPickUp,10a8:3f00,0016:3f00,"int16_t FEnumPickUp(PLANET *lpplSrc, PLANET *lpplTest)"
FEnumNeedMinerals,10a8:3f5e,0016:3f5e,"int16_t FEnumNeedMinerals(PLANET *lpplSrc, PLANET *lpplTest)"
FEnumPktAttack,10a8:4204,0016:4204,"int16_t FEnumPktAttack(PLANET *lpplSrc, PLANET *lpplTest)"
FEnumCalcEnemyPlanets,10a8:45a6,0016:45a6,"int16_t FEnumCalcEnemyPlanets(PLANET *lpplSrc, PLANET *lpplTest)"
iBuildCyberStarbase,10a8:45de,0016:45de,"int16_t iBuildCyberStarbase(PLANET *lppl)"
EnsureCyberAiShdefs,10a8:4826,0016:4826,"void EnsureCyberAiShdefs(int16_t iroCur)"
iAddAttackFleet,10a8:4eba,0016:4eba,"int16_t iAddAttackFleet(PLANET *lppl, int16_t iAttackStr, int16_t iBestDestroyer, int16_t iBestBattle, int16_t iBestSBDefender)"
TargetCyberArmada,10a8:51a4,0016:51a4,"void TargetCyberArmada(FLEET *lpfl)"
FGenerateTurn,10b0:0000,0017:0000,"int16_t FGenerateTurn()"
DoOrders,10b0:179a,0017:179a,"void DoOrders(int16_t fPostMovement)"
MoveThings,10b0:18f4,0017:18f4,"void MoveThings(int16_t fPostProd)"
FuelFleets,10b0:2efa,0017:2efa,"void FuelFleets()"
MoveFleets,10b0:32ce,0017:32ce,"void MoveFleets()"
FTravelThroughMineFields,10b0:4f60,0017:4f60,"int16_t FTravelThroughMineFields(FLEET *lpfl, int16_t *pdTravel, THING *lpthHit)"
SatisfyOrders,10b0:6798,0017:6798,"void SatisfyOrders(int16_t iPass)"
Produce,10b8:0000,0018:0000,"void Produce()"
CBuildProdItem,10b8:0c92,0018:0c92,"int16_t CBuildProdItem(PLANET *lppl, PROD *lpprod, PROD *pprodPartial, int32_t *rgRes, int16_t fAlchemy, int16_t *pmdStatus, int16_t fCalcOnly)"
FBuildObject,10b8:19b2,0018:19b2,"int16_t FBuildObject(PLANET *lppl, GrobjClass grobj, int16_t iItem, int16_t cBuilt, int32_t *rgMinerals)"
CreateShip,10b8:2fd6,0018:2fd6,"void CreateShip(int16_t iPlr, FLEET *lpfl, int16_t ishdef, int16_t cShip)"
RandomEvents,10b8:3064,0018:3064,"void RandomEvents()"
TransferToOthers,10b8:3088,0018:3088,"void TransferToOthers()"
DropColonists,10b8:34e2,0018:34e2,"void DropColonists()"
HealShips,10b8:444c,0018:444c,"void HealShips()"
AutoTerraform,10b8:48f6,0018:48f6,"void AutoTerraform()"
RemoteTerraforming,10b8:4c56,0018:4c56,"void RemoteTerraforming()"
FQueueColonistDrop,10b8:4faa,0018:4faa,"int16_t FQueueColonistDrop(FLEET *lpfl, PLANET *lppl, int32_t cColonists)"
UpdatePopulations,10b8:50a0,0018:50a0,"void UpdatePopulations()"
UpdateGuesses,10b8:532c,0018:532c,"void UpdateGuesses()"
MineMinerals,10b8:55a4,0018:55a4,"void MineMinerals()"
MeteorStrike,10b8:560e,0018:560e,"void MeteorStrike()"
TossNonAutoBuildItems,10b8:5aec,0018:5aec,"void TossNonAutoBuildItems(PLANET *lppl)"
PlanetaryClimateChange,10b8:5c54,0018:5c54,"void PlanetaryClimateChange()"
DiscoverNewMinerals,10b8:5e0c,0018:5e0c,"void DiscoverNewMinerals()"
MysteryTrader,10b8:5efa,0018:5efa,"void MysteryTrader()"
UpdatePlayerScores,10b8:6258,0018:6258,"void UpdatePlayerScores()"
CreateBackupDir,10b8:6dca,0018:6dca,"void CreateBackupDir()"
FPacketDecay,10b8:6e9c,0018:6e9c,"int16_t FPacketDecay(THING *lpth, int16_t pctRate)"
ThingDecay,10b8:70c6,0018:70c6,"void ThingDecay()"
UnmarkMineFields,10b8:7638,0018:7638,"void UnmarkMineFields()"
SweepForMines,10b8:76a4,0018:76a4,"void SweepForMines()"
BreedColonistsInTransit,10b8:7e4e,0018:7e4e,"void BreedColonistsInTransit()"
UpdateResearchStatus,10b8:80fe,0018:80fe,"void UpdateResearchStatus(int16_t fUsePool)"
IBestRemoteTerra,10b8:8b70,0018:8b70,"int16_t IBestRemoteTerra(PLANET *lppl, int16_t iplr, int16_t fHelp)"
PopupWndProc,10c0:0000,0019:0000,"int32_t PopupWndProc(HWND hwnd, WMType message, uint16_t wParam, int32_t lParam)"
FIsPopupHullType,10c0:0148,0019:0148,"int16_t FIsPopupHullType(int16_t ishdef)"
DrawPopup,10c0:01c0,0019:01c0,"void DrawPopup(HWND hwnd, HDC hdc)"
Popup,10c0:0c7c,0019:0c7c,"void Popup(HWND hwnd, int16_t x, int16_t y)"
PopupMenu,10c0:136c,0019:136c,"int16_t PopupMenu(HWND hwnd, int16_t x, int16_t y, int16_t cString, int32_t *rgids, char **rgsz, int16_t iChecked, int16_t fRightBtn)"
PtDisplayPlanetStateInfo,10c0:1938,0019:1938,"POINT PtDisplayPlanetStateInfo(HDC hdc, int16_t fPrint)"
PtDisplayPlanetPopInfo,10c0:228e,0019:228e,"POINT PtDisplayPlanetPopInfo(HDC hdc, int16_t fPrint)"
PtDisplayZipOrdInfo,10c0:2d66,0019:2d66,"POINT PtDisplayZipOrdInfo(HDC hdc, int16_t xCtr, int16_t fPrint)"
PtDisplayFactoryMineInfo,10c0:3110,0019:3110,"POINT PtDisplayFactoryMineInfo(HDC hdc, int16_t dx, int16_t fPrint)"
PtDisplayResourceInfo,10c0:3378,0019:3378,"POINT PtDisplayResourceInfo(HDC hdc, int16_t dx, int16_t fPrint)"
PtDisplayString,10c0:355c,0019:355c,"POINT PtDisplayString(HDC hdc, int16_t dx, int16_t fPrint)"
ShipBuilder,10c8:008c,001a:008c,"int16_t ShipBuilder(POINT ptDlgSize)"
ShowMainControls,10c8:0160,001a:0160,"void ShowMainControls(HWND hwnd, ShowWindowCmd sw)"
FCheckQueuedShip,10c8:027c,001a:027c,"int16_t FCheckQueuedShip(HWND hwnd, SHDEF *lpshdef, int16_t fEdit)"
SlotDlg,10c8:0550,001a:0550,"int16_t SlotDlg(HWND hwnd, WMType message, uint16_t wParam, int32_t lParam)"
DrawSlotDlg,10c8:2650,001a:2650,"void DrawSlotDlg(HWND hwnd, HDC hdc, RECT *prc, int16_t iDraw)"
FTrackSlot,10c8:306a,001a:306a,"int16_t FTrackSlot(HWND hwnd, int16_t x, int16_t y, int16_t fkb, int16_t fListBox, int16_t fRightBtn)"
DrawBuildSelComp,10c8:3ab2,001a:3ab2,"void DrawBuildSelComp(HWND hwnd, HDC hdc, int16_t iDraw)"
PctJammerFromHul,10c8:42e6,001a:42e6,"int16_t PctJammerFromHul(HUL *lphul)"
DrawBuildSelHull,10c8:451e,001a:451e,"void DrawBuildSelHull(HWND hwnd, HDC hdc, int16_t iDraw, RECT *prc)"
SetBuildSelection,10c8:53da,001a:53da,"void SetBuildSelection(int16_t iSrc)"
IDropPart,10c8:5476,001a:5476,"int16_t IDropPart(POINT pt, HS hsSrc, int16_t iSrc, int16_t fNoModify)"
DrawDlgLBEntireItem,10c8:59f0,001a:59f0,"void DrawDlgLBEntireItem(DRAWITEMSTRUCT *lpdis, int16_t inflate)"
NthValidShdef,10c8:5c06,001a:5c06,"SHDEF * NthValidShdef(int16_t n)"
NthValidEnemyShdef,10c8:5cf4,001a:5cf4,"SHDEF * NthValidEnemyShdef(int16_t n)"
FillBuildDD,10c8:5e80,001a:5e80,"void FillBuildDD(HWND hwndDD, MdBuild md)"
FillBuildPartsLB,10c8:63e8,001a:63e8,"void FillBuildPartsLB(HWND hwndLB, int16_t grbit)"
UpdateSlotGlobals,10c8:6528,001a:6528,"void UpdateSlotGlobals()"
IEmptyBmpFromGrhst,10c8:6716,001a:6716,"int16_t IEmptyBmpFromGrhst(int16_t grhst)"
FakeListProc,10c8:6758,001a:6758,"int32_t FakeListProc(HWND hwnd, WMType msg, uint16_t wParam, int32_t lParam)"
MakeNewName,10c8:694c,001a:694c,"void MakeNewName(char *lpsz)"
KillQueuedMassPackets,10c8:6a52,001a:6a52,"void KillQueuedMassPackets(PLANET *lppl)"
KillQueuedShips,10c8:6c2a,001a:6c2a,"void KillQueuedShips(PLANET *lppl)"
ChangeProduction,10d0:0000,001b:0000,"int16_t ChangeProduction(int16_t fClear)"
InitProduction,10d0:015e,001b:015e,"void InitProduction(PROD *rgprod)"
FinishProduction,10d0:1090,001b:1090,"void FinishProduction(int16_t fWrite)"
ProductionDlg,10d0:1204,001b:1204,"int16_t ProductionDlg(HWND hwnd, WMType message, uint16_t wParam, int32_t lParam)"
ProdCommandHandler,10d0:1994,001b:1994,"void ProdCommandHandler(HWND hwnd, uint16_t wParam, int32_t lParam)"
InitializeProductionDlg,10d0:3430,001b:3430,"void InitializeProductionDlg(HWND hwnd)"
DrawProductionDlg,10d0:35dc,001b:35dc,"void DrawProductionDlg(HWND hwnd, HDC hdc, RECT *prc, int16_t iDraw)"
FillProdSrcLB,10d0:3b00,001b:3b00,"void FillProdSrcLB(HWND hwndLB, int16_t mdFill)"
PszNameProdItem,10d0:3c92,001b:3c92,"char * PszNameProdItem(PROD *lpprod)"
GetProductionCosts,10d0:3f20,001b:3f20,"void GetProductionCosts(PLANET *lppl, PROD *lpprod, uint32_t *rgCost, int16_t iplr, int16_t fOnlyOne)"
EstimateItemProdSched,10d0:4f40,001b:4f40,"void EstimateItemProdSched(PLANET *lppl, PLPROD *lpplprod, ProdItemType iItem, int16_t *piFirst, int16_t *piLast)"
ZipProdDlg,10d0:5490,001b:5490,"int16_t ZipProdDlg(HWND hwnd, WMType message, uint16_t wParam, int32_t lParam)"
EnableZipProdBtns,10d0:5df0,001b:5df0,"void EnableZipProdBtns(HWND hwnd, int16_t iSel)"
FillZipProdLB,10d0:5e58,001b:5e58,"void FillZipProdLB(HWND hwndDlg, ZIPPRODQ *pzpq)"
ResearchDlg,10d8:0000,001c:0000,"int16_t ResearchDlg(HWND hwnd, WMType message, uint16_t wParam, int32_t lParam)"
DrawResearchDlg,10d8:090a,001c:090a,"void DrawResearchDlg(HWND hwnd, HDC hdc, RECT *prc, int16_t grbitDraw)"
FTrackResearchDlg,10d8:1a8c,001c:1a8c,"int16_t FTrackResearchDlg(HWND hwnd, int16_t x, int16_t y, int16_t fkb)"
GetTechLevelCost,10d8:1dba,001c:1dba,"int32_t GetTechLevelCost(int16_t iTech, int16_t iLevel, int16_t iplr)"
BrowserDlg,10d8:1ed8,001c:1ed8,"int16_t BrowserDlg(HWND hwnd, WMType message, uint16_t wParam, int32_t lParam)"
BrowserWndProc,10d8:2876,001c:2876,"int32_t BrowserWndProc(HWND hwnd, WMType message, uint16_t wParam, int32_t lParam)"
DisplayComponentInfo,10d8:2ac6,001c:2ac6,"void DisplayComponentInfo(HDC hdc, int16_t dx, int16_t dy, PART *ppart)"
ProjectedResearchSpending,10d8:65ae,001c:65ae,"int32_t ProjectedResearchSpending(int32_t pct)"
CostOfDevelopingItem,10d8:66e0,001c:66e0,"int32_t CostOfDevelopingItem(char *rgTech)"
FShouldPartBeHidden,10d8:68c4,001c:68c4,"int16_t FShouldPartBeHidden(PART *ppart)"
RaceCreationWizard,10e0:0000,001d:0000,"int16_t RaceCreationWizard(HWND hwndParent, int16_t fReadOnly, int16_t fDontWrite)"
RaceWizardDlg1,10e0:03ac,001d:03ac,"int16_t RaceWizardDlg1(HWND hwnd, WMType message, uint16_t wParam, int32_t lParam)"
RaceWizardDlg2,10e0:1060,001d:1060,"int16_t RaceWizardDlg2(HWND hwnd, WMType message, uint16_t wParam, int32_t lParam)"
DrawRace2,10e0:179a,001d:179a,"void DrawRace2(HWND hwnd, HDC hdc, int16_t iDraw)"
IrcRaceDlgHitTest,10e0:2164,001d:2164,"int16_t IrcRaceDlgHitTest(POINT pt)"
FTrackRaceDlg2,10e0:2204,001d:2204,"int16_t FTrackRaceDlg2(HWND hwnd, POINT pt, int16_t kbd)"
RaceWizardDlg3,10e0:2792,001d:2792,"int16_t RaceWizardDlg3(HWND hwnd, WMType message, uint16_t wParam, int32_t lParam)"
DrawRace3,10e0:2aa4,001d:2aa4,"void DrawRace3(HWND hwnd, HDC hdc, int16_t iDraw)"
FTrackRaceDlg3,10e0:2fb8,001d:2fb8,"int16_t FTrackRaceDlg3(HWND hwnd, POINT pt, int16_t kbd)"
GetRaceStat,10e0:30d2,001d:30d2,"int16_t GetRaceStat(PLAYER *pplr, RaceStat iStat)"
SetRaceStat,10e0:3114,001d:3114,"int16_t SetRaceStat(PLAYER *pplr, RaceStat iStat, int16_t iVal)"
GetRaceGrbit,10e0:3176,001d:3176,"int16_t GetRaceGrbit(PLAYER *pplr, RaceGrbit ibit)"
SetRaceGrbit,10e0:31b8,001d:31b8,"void SetRaceGrbit(PLAYER *pplr, RaceGrbit ibit, int16_t fSet)"
RaceWizardDlg4,10e0:320a,001d:320a,"int16_t RaceWizardDlg4(HWND hwnd, WMType message, uint16_t wParam, int32_t lParam)"
RaceWizardDlg5,10e0:378e,001d:378e,"int16_t RaceWizardDlg5(HWND hwnd, WMType message, uint16_t wParam, int32_t lParam)"
RaceWizardDlg6,10e0:3bae,001d:3bae,"int16_t RaceWizardDlg6(HWND hwnd, WMType message, uint16_t wParam, int32_t lParam)"
BoundsCheckPlayer,10e0:40ae,001d:40ae,"void BoundsCheckPlayer(PLAYER *pplr)"
CAdvantagePoints,10e0:444c,001d:444c,"int16_t CAdvantagePoints(PLAYER *pplr)"
LInnateRaceHabitability,10e0:4c6e,001d:4c6e,"int32_t LInnateRaceHabitability(PLAYER *pplr)"
InvalidateAdvPtsRect,10e0:54d4,001d:54d4,"void InvalidateAdvPtsRect(HWND hwnd)"
DrawRaceAdvantagePoints,10e0:55c6,001d:55c6,"void DrawRaceAdvantagePoints(HDC hdc, RECT *prc, PLAYER *pplr)"
IRaceChecksum,10e0:5888,001d:5888,"uint16_t IRaceChecksum(PLAYER *pplr)"
FSaveRace,10e0:58d4,001d:58d4,"int16_t FSaveRace(char *szFileSuggest, PLAYER *pplr)"
SetRCWTitle,10e0:5ab8,001d:5ab8,"void SetRCWTitle(HWND hwnd, int16_t iStep)"
CreateRandomRace,10e0:5b08,001d:5b08,"void CreateRandomRace(PLAYER *pplr)"
PctTrueMaxGrowth,10e0:65d4,001d:65d4,"int16_t PctTrueMaxGrowth(int16_t iplr)"
BattleVCR,10e8:0000,001e:0000,"void BattleVCR(int16_t iBattle)"
CBattles,10e8:028c,001e:028c,"int16_t CBattles()"
BtlDataGet,10e8:0362,001e:0362,"BTLDATA * BtlDataGet(int16_t i)"
CBattleUnits,10e8:0450,001e:0450,"int32_t CBattleUnits(BTLDATA *lpbd, uint16_t grbitBU)"
CBattleKills,10e8:062e,001e:062e,"int32_t CBattleKills(BTLDATA *lpbd, int16_t fOurDead)"
LdpFromItokDv,10e8:07a8,001e:07a8,"int32_t LdpFromItokDv(int16_t itok, DV *lpdv)"
SetVCRBoard,10e8:08d8,001e:08d8,"int16_t SetVCRBoard(int16_t iStep)"
VCRDlg,10e8:0e90,001e:0e90,"int16_t VCRDlg(HWND hwnd, WMType message, uint16_t wParam, int32_t lParam)"
GetVCRStats,10e8:193e,001e:193e,"void GetVCRStats(int16_t itok, int32_t *pdpArmor, DV *pdv, int32_t *pdpShields, int16_t *pcsh)"
DrawVCR,10e8:1c62,001e:1c62,"void DrawVCR(HDC hdc, int16_t iStart, int16_t iEnd)"
Delay,10e8:3a3e,001e:3a3e,"void Delay(int16_t ctick)"
AnimateAttack,10e8:3ac2,001e:3ac2,"void AnimateAttack(HDC hdc)"
PopupVCRMenu,10e8:4518,001e:4518,"int16_t PopupVCRMenu(HWND hwnd, int16_t x, int16_t y, uint8_t brc)"
EnableVCRButtons,10e8:48f6,001e:48f6,"void EnableVCRButtons()"
RelationsDlg,10f0:0088,001f:0088,"int16_t RelationsDlg(HWND hwnd, WMType message, uint16_t wParam, int32_t lParam)"
NewPlanNameDlg,10f0:04ce,001f:04ce,"int16_t NewPlanNameDlg(HWND hwnd, WMType message, uint16_t wParam, int32_t lParam)"
BattlePlansDlg,10f0:0652,001f:0652,"int16_t BattlePlansDlg(HWND hwnd, WMType message, uint16_t wParam, int32_t lParam)"
FDeleteBattlePlan,10f0:1706,001f:1706,"int16_t FDeleteBattlePlan(int16_t iplan, int16_t fWarn)"
SpankTheCheaters,10f0:192a,001f:192a,"void SpankTheCheaters()"
FFleetHasBombs,10f0:1e16,001f:1e16,"int16_t FFleetHasBombs(FLEET *lpfl)"
FHullHasBombs,10f0:1ec2,001f:1ec2,"int16_t FHullHasBombs(HUL *lphul)"
FFleetHasTeeth,10f0:1fbe,001f:1fbe,"int16_t FFleetHasTeeth(FLEET *lpfl)"
FHullHasTeeth,10f0:2072,001f:2072,"int16_t FHullHasTeeth(HUL *lphul)"
FFuelTanker,10f0:20f6,001f:20f6,"int16_t FFuelTanker(SHDEF *lpshdef)"
CheckTarget,10f0:212a,001f:212a,"void CheckTarget(TOK *ptok, FLEET *lpfl, int16_t ishdef)"
FDumpCargo,10f0:234a,001f:234a,"int16_t FDumpCargo(FLEET *lpfl)"
DropSalvage,10f0:24dc,001f:24dc,"void DropSalvage(THING **plpth, int32_t *rgwtMinerals, int16_t iplr, POINT *ppt)"
CplrBattle,10f0:2952,001f:2952,"int16_t CplrBattle(FLEET *lpfl, uint16_t *rggrfAttack, uint16_t *pgrfPlayer, uint16_t *pgrfSpectator)"
SpdOfShip,10f0:339c,001f:339c,"int16_t SpdOfShip(FLEET *lpfl, int16_t ishdef, TOK *ptok, int16_t fDumpCargo, SHDEF *lpshdef)"
LpshdefFromTok,10f0:388e,001f:388e,"SHDEF * LpshdefFromTok(TOK *ptok)"
FCanKillTok,10f0:391e,001f:391e,"int16_t FCanKillTok(TOK *ptok1, TOK *ptok2)"
DoBattles,10f0:3a26,001f:3a26,"void DoBattles(int16_t fPostMovement)"
RegenShield,10f0:3c16,001f:3c16,"void RegenShield(TOK *ptok)"
InitFromHuldef,10f0:3cba,001f:3cba,"int16_t InitFromHuldef(HUL *lphul, int16_t *ppctBC)"
CheckInitiative,10f0:3e68,001f:3e68,"void CheckInitiative(TOK *ptok)"
CheckWeapons,10f0:3ec2,001f:3ec2,"void CheckWeapons(TOK *ptok, int16_t *pfDampeningField, uint8_t *pinit)"
RandomizeTokOrder,10f0:44d4,001f:44d4,"void RandomizeTokOrder()"
InitializeBoard,10f0:45b4,001f:45b4,"void InitializeBoard(FLEET *lpfl, int16_t ibrc, uint16_t grfPlayer, uint8_t *pinit, int16_t *pinitMin, int16_t *pinitMac)"
DzFromBrcBrc,10f0:4ca8,001f:4ca8,"int16_t DzFromBrcBrc(uint8_t brc1, uint8_t brc2)"
DpFromPtokBrcToBrc,10f0:4d2e,001f:4d2e,"int32_t DpFromPtokBrcToBrc(TOK *ptok, uint8_t brcSrc, uint8_t brcTarget, TOK *ptokTarget, int16_t fProximity)"
DzMoveRangeToConsider,10f0:5312,001f:5312,"int16_t DzMoveRangeToConsider(TOK *ptok, uint16_t grfAttack, uint8_t *pbrc)"
FDoesPrimaryTargetTypeExist,10f0:56d8,001f:56d8,"int16_t FDoesPrimaryTargetTypeExist(TOK *ptok, uint16_t grfAttack)"
FIsTargetOfMdTarget,10f0:587a,001f:587a,"int16_t FIsTargetOfMdTarget(TOK *ptok, int16_t mdTarget)"
ScoreGuessBattleDamage,10f0:598c,001f:598c,"int32_t ScoreGuessBattleDamage(TOK *ptokSrc, uint8_t brc, int16_t fPrimary, uint16_t grfAttack)"
ScoreFromGiveAndTakeAndTactic,10f0:5e34,001f:5e34,"int32_t ScoreFromGiveAndTakeAndTactic(int32_t dpGive, int32_t dpTake, int16_t mdTactic)"
DxyMoveTokTo,10f0:5f18,001f:5f18,"int16_t DxyMoveTokTo(TOK *ptok, int16_t spdMove, uint16_t grfAttack)"
CTorpHit,10f0:6790,001f:6790,"int32_t CTorpHit(int32_t cTorpBase, TOK *ptok, int16_t pctBase, int16_t pctBC)"
FAttack,10f0:69ac,001f:69ac,"int16_t FAttack(int16_t itokAttacker, int16_t init, BTLREC *lpbtlrec, uint16_t grfAttack)"
KillShips,10f0:7cde,001f:7cde,"void KillShips(TOK *ptok, int16_t cshKill, int16_t ishdef, FLEET *lpfl, int16_t fFallout)"
CreateSalvage,10f0:7ee8,001f:7ee8,"void CreateSalvage(FLEET *pfl, THING **plpth)"
FDamageTok,10f0:81d4,001f:81d4,"int16_t FDamageTok(TOK *ptok, int16_t itok, int32_t *pdpBeam, int32_t dpTorp, uint16_t grfWeapon, int16_t fShieldsOnly, int32_t *pcTorp)"
DxyFromSpdRound,10f0:8b28,001f:8b28,"int16_t DxyFromSpdRound(uint16_t spd, int16_t iRound)"
FDoCoolBattle,10f0:8bcc,001f:8bcc,"int16_t FDoCoolBattle(FLEET *lpfl, int16_t cplr, uint16_t *rggrfAttack, uint16_t grfPlayer, uint16_t grfSpectator)"
ITechLearnATech,10f0:9918,001f:9918,"int16_t ITechLearnATech(int16_t iplr, int16_t x, int16_t y, MessageId idm, uint16_t *piGoto)"
SendBattleMessages,10f0:9c0e,001f:9c0e,"void SendBattleMessages(FLEET *lpflBtl, int16_t cplr, int16_t idBtl, uint16_t *rgPlrLosses, int16_t grfPlayer, int16_t cShipsInvolved, int16_t cShdefsInvolved, uint16_t grfSpectator)"
FAttackPlayer,10f0:ae06,001f:ae06,"int16_t FAttackPlayer(FLEET *lpfl, int16_t iplr)"
DoBombing,10f0:aefa,001f:aefa,"void DoBombing()"
TutorDlg,10f8:0000,0020:0000,"int16_t TutorDlg(HWND hwnd, WMType message, uint16_t wParam, int32_t lParam)"
PanicDlg,10f8:026a,0020:026a,"int16_t PanicDlg(HWND hwnd, WMType message, uint16_t wParam, int32_t lParam)"
ShowTutor,10f8:0374,0020:0374,"void ShowTutor(int16_t fShow)"
DrawTutorText,10f8:03c0,0020:03c0,"void DrawTutorText(HWND hwnd)"
StartTutor,10f8:06b4,0020:06b4,"void StartTutor(int16_t fRestart)"
AdvanceTutor,10f8:0a30,0020:0a30,"void AdvanceTutor()"
EndTutor,10f8:0c02,0020:0c02,"void EndTutor(int16_t fClose)"
SaveGameState,10f8:0c90,0020:0c90,"void SaveGameState()"
RestoreGameState,10f8:0e1c,0020:0e1c,"void RestoreGameState()"
FAskKillTutor,10f8:0f36,0020:0f36,"int16_t FAskKillTutor()"
FTutorTaskDone,10f8:0fbc,0020:0fbc,"int16_t FTutorTaskDone()"
FCheckZip,10f8:6460,0020:6460,"int16_t FCheckZip(int16_t iZip, ITEMACTION *lpiaGoal, StringId ids)"
FCheckTemplate,10f8:666e,0020:666e,"int16_t FCheckTemplate(int16_t iTemplate)"
TutorError,10f8:67ae,0020:67ae,"void TutorError(int16_t idsError)"
FCheckScanner,10f8:685c,0020:685c,"int16_t FCheckScanner(int16_t md, int16_t iZoom)"
FCheckFleetName,10f8:690a,0020:690a,"int16_t FCheckFleetName(int16_t id, StringId ids)"
FCheckSummary,10f8:69e2,0020:69e2,"int16_t FCheckSummary(GrobjClass grobj, int16_t id)"
FCheckSelection,10f8:6af4,0020:6af4,"int16_t FCheckSelection(GrobjClass grobj, int16_t id)"
FCheckMessages,10f8:6c48,0020:6c48,"int16_t FCheckMessages(int16_t imsg, MessageId idm, int16_t fFilter)"
FCheckResearch,10f8:6da4,0020:6da4,"int16_t FCheckResearch(int16_t iTech, int16_t iTechNext, int16_t pct)"
FCheckFleetWP,10f8:6df4,0020:6df4,"int16_t FCheckFleetWP(uint16_t ifl, int16_t iord, GrobjClass grobj, int16_t id, uint16_t grTask, uint16_t iWarp)"
FCheckPlanetRoute,10f8:6f86,0020:6f86,"int16_t FCheckPlanetRoute(int16_t idpl, int16_t idplRoute)"
FCheckLayingWP,10f8:6ff4,0020:6ff4,"int16_t FCheckLayingWP(uint16_t ifl, int16_t iord, int16_t id, int16_t iYears)"
FCheckColonizeWP,10f8:70c0,0020:70c0,"int16_t FCheckColonizeWP(uint16_t ifl, int16_t id, uint16_t iWarp)"
FCheckPatrolWP,10f8:71ac,0020:71ac,"int16_t FCheckPatrolWP(uint16_t ifl, int16_t iord, int16_t id, uint16_t iWarp, uint16_t iPlan, uint16_t iDist)"
FCheckXferWP,10f8:7280,0020:7280,"int16_t FCheckXferWP(uint16_t ifl, int16_t iord, int16_t id, uint16_t iWarp, ITEMACTION *lpiaGoal)"
FCheckQueue,10f8:7442,0020:7442,"int16_t FCheckQueue(int16_t ipl, int16_t iprod, GrobjClass grobj, uint16_t iItem, uint16_t cItem, uint16_t fNoResearch)"
FCheckBtlPlan,10f8:760a,0020:760a,"int16_t FCheckBtlPlan(int16_t ibp, uint16_t imdTarget, uint16_t fSpread, uint16_t fBomb, uint16_t fDump, uint16_t mdUnarmed, uint16_t mdScout, uint16_t mdWar, uint16_t mdBomber)"
FCheckCargo,10f8:7664,0020:7664,"int16_t FCheckCargo(FLEET *lpfl, int16_t wtMin1, int16_t wtMin2, int16_t wtMin3, int16_t wtColonists)"
FCheckBuilderPart,10f8:77d8,0020:77d8,"int16_t FCheckBuilderPart(int16_t iSlot, HS *phs, uint16_t cInit)"
FCheckShipBuilder,10f8:7964,0020:7964,"int16_t FCheckShipBuilder(int16_t iCategory, int16_t iShip)"
FTutorialEnabledShipBuilder,10f8:79f6,0020:79f6,"int16_t FTutorialEnabledShipBuilder(int16_t itutsbAction)"
FOKMergeDialog,10f8:81da,0020:81da,"int16_t FOKMergeDialog()"
CchTutorString,1100:5a14,0021:5a14,"int16_t CchTutorString(char *pchOut, int16_t idt)"
ReportDlg,1108:0018,0022:0018,"int32_t ReportDlg(HWND hwnd, uint16_t msg, uint16_t wParam, int32_t lParam)"
SetHScrollBar,1108:09e8,0022:09e8,"void SetHScrollBar()"
DrawReport,1108:0bae,0022:0bae,"void DrawReport(HWND hwnd, HDC hdc, RECT *prc)"
ScoreXDlg,1108:0f66,0022:0f66,"int16_t ScoreXDlg(HWND hwnd, WMType message, uint16_t wParam, int32_t lParam)"
InitScoreDlg,1108:13b6,0022:13b6,"void InitScoreDlg(HWND hwnd, int16_t fVictory)"
DrawVCReport,1108:168e,0022:168e,"void DrawVCReport(HDC hdc)"
DrawScoreReport,1108:1e0c,0022:1e0c,"void DrawScoreReport(HDC hdc)"
DrawHistoryReport,1108:2494,0022:2494,"void DrawHistoryReport(HDC hdc)"
LFetchScoreXVal,1108:2f94,0022:2f94,"int32_t LFetchScoreXVal(SCOREX *lpsx, int16_t iVal)"
DxReportColHdr,1108:305e,0022:305e,"int16_t DxReportColHdr(int16_t irpt, int16_t iCol, char *psz, HDC hdc)"
DrawReportItem,1108:3398,0022:3398,"void DrawReportItem(HDC hdc, RECT *prc, int16_t irpt, int16_t irow, int16_t icol)"
DrawMineralItem,1108:4ebe,0022:4ebe,"void DrawMineralItem(HDC hdc, int16_t x, int16_t y, int16_t iMineral, int32_t l)"
PszGetDestName,1108:4f60,0022:4f60,"char * PszGetDestName(FLEET *lpfl, HDC hdc)"
FDestIsWP0,1108:50b4,0022:50b4,"int16_t FDestIsWP0(FLEET *lpfl)"
PszGetETA,1108:51a8,0022:51a8,"char * PszGetETA(HDC hdc, FLEET *lpfl, int16_t *pcYears)"
PszGetTaskName,1108:53b8,0022:53b8,"char * PszGetTaskName(FLEET *lpfl, int16_t *picr)"
SortReportCache,1108:589c,0022:589c,"void SortReportCache(int16_t irpt, int16_t icol)"
ICompReport,1108:5bb8,0022:5bb8,"int16_t ICompReport(void *arg1, void *arg2)"
ReportColumnPopup,1108:74d4,0022:74d4,"void ReportColumnPopup(POINT pt, int16_t icol, int16_t fRightBtn)"
InvalidateReport,1108:7af6,0022:7af6,"void InvalidateReport(int16_t irpt, int16_t fReload)"
ExecuteReportClick,1108:7cd6,0022:7cd6,"void ExecuteReportClick(POINT pt, int16_t irpt, int16_t icol, int16_t irow)"
DumpUniverse,1108:851e,0022:851e,"void DumpUniverse()"
DumpPlanets,1108:86e4,0022:86e4,"void DumpPlanets()"
DumpFleets,1108:9530,0022:9530,"void DumpFleets()"
PrintMapDlg,1108:a1c2,0022:a1c2,"int16_t PrintMapDlg(HWND hwnd, WMType msg, uint16_t wParam, int32_t lParam)"
LpthNew,1110:0000,0023:0000,"THING * LpthNew(int16_t iplr, ThingType ith)"
FreeLpth,1110:0224,0023:0224,"void FreeLpth(THING *lpth)"
CPlanetsInCircle,1110:02a0,0023:02a0,"int16_t CPlanetsInCircle(POINT pt, int32_t r2)"
DrawThingGauge,1110:044e,0023:044e,"void DrawThingGauge(HDC hdc, RECT *prc, THING *lpth, int16_t md)"
IValidateWormholePos,1110:064c,0023:064c,"int16_t IValidateWormholePos(THING *lpthWorm)"
PctWormholeMoves,1110:0adc,0023:0adc,"int16_t PctWormholeMoves(THING *lpth)"
DoThingInteractions,1110:0b3a,0023:0b3a,"void DoThingInteractions(int16_t fPostMove)"
IdmGiveTraderPart,1110:1a96,0023:1a96,"int16_t IdmGiveTraderPart(GrbitTrader grbitTrader, int16_t iplr, uint16_t *piGoto)"
