name,ghidra_addr,ne_addr
FCreateStuff,1000:0014,0001:0014
FCreateFonts,1000:0ab2,0001:0ab2
InitInstance,1000:0d70,0001:0d70
InitTiles,1000:0eaa,0001:0eaa
GetIniWinRc,1000:1020,0001:1020
ReadIniSettings,1000:124c,0001:124c
ReadIniTileSettings,1000:2b8a,0001:2b8a
LphuldefSBFromId,1008:510a,0002:510a
LphuldefFromId,1008:512c,0002:512c
LpengineFromId,1008:5168,0002:5168
LpscannerFromId,1008:518a,0002:518a
LpshdefT,1008:51ac,0002:51ac
LpshdefSBT,1008:51c4,0002:51c4
LpplanetaryFromId,1008:51dc,0002:51dc
FLookupPartX,1008:51fe,0002:51fe
FLookupPart,1008:524e,0002:524e
LookupBestPlanetaryScanner,1008:60be,0002:60be
TechStatus,1008:6148,0002:6148
PszGetCompressedString,1010:743a,0003:743a
WinMain,1018:0000,0004:0000
FSetUpBatchProcessing,1018:06a4,0004:06a4
IPlrAlsoCheater,1018:07aa,0004:07aa
FGetSystemColors,1018:08d2,0004:08d2
FreeStuff,1018:0bae,0004:0bae
SzVersion,1018:1212,0004:1212
About,1018:1252,0004:1252
OrderInfoDlg,1018:151e,0004:151e
FHandleChar,1018:15de,0004:15de
FHandleKey,1018:165a,0004:165a
InitMDIApp,1020:0000,0005:0000
CreateChildWindows,1020:038c,0005:038c
FrameWndProc,1020:06d6,0005:06d6
InvertPaneBorder,1020:1e3c,0005:1e3c
HcrsFromFrameWindowPt,1020:24b0,0005:24b0
RestoreSelection,1020:2614,0005:2614
FormatSerialAndEnv,1020:2886,0005:2886
FSerialAndEnvFromSz,1020:2aec,0005:2aec
FFindSomethingAndSelectIt,1020:2e1c,0005:2e1c
CommandHandler,1020:2f7a,0005:2f7a
InitializeMenu,1020:5376,0005:5376
EnsureAis,1020:56bc,0005:56bc
GetASubMenu,1020:589a,0005:589a
FOpenGame,1020:58f4,0005:58f4
FWasRaceFile,1020:5da8,0005:5da8
BringUpHostDlg,1020:5ffc,0005:5ffc
DrawHostDialog2,1020:6240,0005:6240
VerifyTurns,1020:6686,0005:6686
CTurnsOutSafe,1020:6996,0005:6996
CFindTurnsOutstanding,1020:6a26,0005:6a26
HostModeDialog,1020:6c16,0005:6c16
HostOptionsDialog,1020:75ce,0005:75ce
DrawHostOptions,1020:7706,0005:7706
HostTimerProc,1020:7716,0005:7716
GetWindowRc,1020:79ac,0005:79ac
SetWindowIniString,1020:79f6,0005:79f6
WriteIniSettings,1020:7a76,0005:7a76
RefitFrameChildren,1020:8c88,0005:8c88
TitleWndProc,1020:9126,0005:9126
MineWndProc,1028:0000,0006:0000
InvalidateMineralBars,1028:040a,0006:040a
GetMineFieldCounts,1028:05ac,0006:05ac
DrawMineSurvey,1028:065a,0006:065a
HtMineWindow,1028:37ac,0006:37ac
MineClick,1028:3b4e,0006:3b4e
SetMineralTitleBar,1028:47dc,0006:47dc
DrawSelectionArrow,1028:4a68,0006:4a68
DrawDiamond,1028:4b60,0006:4b60
FOtherStuffAtScanSel,1028:4d6e,0006:4d6e
PopupMineralScanChoices,1028:4ecc,0006:4ecc
EstMineralsMined,1028:5362,0006:5362
MessageWndProc,1030:5c92,0007:5c92
SetMsgTitle,1030:7218,0007:7218
IMsgNext,1030:7808,0007:7808
IMsgPrev,1030:78d8,0007:78d8
DecorateMsgTitleBar,1030:799c,0007:799c
HtMsgBox,1030:7d8c,0007:7d8c
FSendPlrMsg2,1030:7eaa,0007:7eaa
FSendPlrMsg,1030:7ee8,0007:7ee8
FSendPrependedPlrMsg,1030:7f80,0007:7f80
PackageUpMsg,1030:802a,0007:802a
FSendPlrMsg2XGen,1030:823a,0007:823a
IdmGetMessageN,1030:8412,0007:8412
FGetNMsgbig,1030:8444,0007:8444
PszGetMessageN,1030:8580,0007:8580
PszFormatString,1030:85cc,0007:85cc
MsgDlg,1030:8f68,0007:8f68
PszFormatMessage,1030:9220,0007:9220
PszFormatIds,1030:924c,0007:924c
FRemovePlayerMessage,1030:9278,0007:9278
FFindPlayerMessage,1030:932a,0007:932a
MarkPlanetsPlayerLost,1030:93c6,0007:93c6
MarkPlayersThatSentMsgs,1030:9604,0007:9604
WritePlayerMessages,1030:9702,0007:9702
ResetMessages,1030:98d6,0007:98d6
ReadPlayerMessages,1030:994a,0007:994a
FFinishPlrMsgEntry,1030:9bd6,0007:9bd6
PszGetCompressedMessage,1030:9eb8,0007:9eb8
SetFilteringGroups,1030:a018,0007:a018
FLookupSelPlanet,1038:0000,0008:0000
FDupPlanet,1038:0032,0008:0032
LpthFromId,1038:01b2,0008:01b2
LpplFromId,1038:021e,0008:021e
CalcPctSurvive,1038:02f6,0008:02f6
FLookupPlanet,1038:04a6,0008:04a6
DpOfLpflIshdef,1038:0746,0008:0746
FLookupThing,1038:07fe,0008:07fe
SelectOursAtObject,1038:08f2,0008:08f2
LComputePower,1038:0b32,0008:0b32
ComputeShdefPowers,1038:0e4e,0008:0e4e
DpShieldOfShdef,1038:0f24,0008:0f24
IStargateFromLppl,1038:10fa,0008:10fa
PszPlayerName,1038:11f2,0008:11f2
FCalcFleetBombDamage,1038:145c,0008:145c
LinkFleets,1038:1bb4,0008:1bb4
ICompFleetPoint,1038:1f0c,0008:1f0c
ICompFleetPoint2,1038:1fa2,0008:1fa2
FLookupSelShip,1038:2032,0008:2032
LpflFromId,1038:2078,0008:2078
FLookupFleet,1038:2160,0008:2160
FDupFleet,1038:2332,0008:2332
FLookupObject,1038:24a0,0008:24a0
FLookupOrbitingXfer,1038:24fa,0008:24fa
PszGetThingName,1038:26de,0008:26de
PszGetFleetName,1038:292c,0008:292c
WFromLpfl,1038:2b10,0008:2b10
PszFleetNameFromWord,1038:2b5e,0008:2b5e
PszGetPlanetName,1038:2c6a,0008:2c6a
IflFromLpfl,1038:2ce8,0008:2ce8
FDeleteFleet,1038:2d44,0008:2d44
LpflNew,1038:300c,0008:300c
LpflNewSplit,1038:3372,0008:3372
FFleetMergeAll,1038:34d8,0008:34d8
FFleetSplitAll,1038:3a00,0008:3a00
PszGetLocName,1038:3b08,0008:3b08
CchGetETA,1038:3bc8,0008:3bc8
IshdefPrimaryFromLpfl,1038:3e1c,0008:3e1c
PszGetDistance,1038:3f00,0008:3f00
DGetDistance,1038:3fe4,0008:3fe4
FFindNearestObject,1038:4070,0008:4070
UpdateShdefCost,1038:47b0,0008:47b0
WPackLong,1038:4ba2,0008:4ba2
GetPlanetScannerRange,1038:4c02,0008:4c02
GetCachedFleetScannerRange,1038:4e02,0008:4e02
GetFleetScannerRange,1038:4fb8,0008:4fb8
GetShdefScannerRange,1038:50d0,0008:50d0
LCalcFuelGainFromRamScoops,1038:56b8,0008:56b8
CalcPlayerScore,1038:58a6,0008:58a6
GetTrueHullCost,1038:5dba,0008:5dba
DecorateHullName,1038:5e0e,0008:5e0e
DrawABunchOfStars,1038:5fe2,0008:5fe2
LongFromSerialCh,1038:6280,0008:6280
FValidSerialNo,1038:62f8,0008:62f8
FMatchTarget,1038:6612,0008:6612
ValidateWaypoints,1038:68c6,0008:68c6
ChgPopFromPlanet,1038:7082,0008:7082
FCanFleetUseStargates,1038:75e2,0008:75e2
FFleetCanJumpgate,1038:7960,0008:7960
WtFromLpfl,1038:7a68,0008:7a68
FCanBuildShdef,1038:7b40,0008:7b40
IshFindSimilarDesign,1038:7c5e,0008:7c5e
DrawPlanetPrintDot,1038:7e44,0008:7e44
ClearFile,1038:7f6a,0008:7f6a
OutputSz,1038:7fe6,0008:7fe6
TurnLog,1038:80c2,0008:80c2
PushRandom,1040:1440,0009:1440
PopRandom,1040:14a2,0009:14a2
Randomize,1040:15ea,0009:15ea
Randomize2,1040:165a,0009:165a
Random,1040:16d2,0009:16d2
RandomSeedDlg,1040:188a,0009:188a
GetFileSeeds,1040:1a4e,0009:1a4e
SetFileSeeds,1040:1a7c,0009:1a7c
SetFileXorStream,1040:1aa6,0009:1aa6
LGetNextFileXor,1040:1b54,0009:1b54
XorFileBuf,1040:1cc4,0009:1cc4
ICompLong,1040:1d74,0009:1d74
PszGetCompressedPlanet,1040:1d96,0009:1d96
OutputFileString,1040:1f64,0009:1f64
CopyFile,1040:1ffa,0009:1ffa
AlertSz,1040:2160,0009:2160
CchGetString,1040:221e,0009:221e
PszFromInt,1040:2274,0009:2274
PszFromLong,1040:22b6,0009:22b6
PszFromLongK,1040:22fe,0009:22fe
CommaFormatLong,1040:2440,0009:2440
CtrTextOut,1040:2534,0009:2534
DxStreamTextOut,1040:2590,0009:2590
WrapTextOut,1040:25fe,0009:25fe
AddBackTrailingSpaces,1040:280c,0009:280c
ChopLastWord,1040:2842,0009:2842
ChopTrailingSpaces,1040:28c6,0009:28c6
RcCtrTextOut,1040:28fc,0009:28fc
RightTextOut,1040:29d6,0009:29d6
DiaganolTextOut,1040:2afa,0009:2afa
ExpandRc,1040:2f0c,0009:2f0c
OffsetRc,1040:2f3e,0009:2f3e
BoundPoints,1040:2f70,0009:2f70
StickyDlgPos,1040:3094,0009:3094
LDrawGauge,1040:31a2,0009:31a2
_Draw3dFrame,1040:336a,0009:336a
InitBtnTrack,1040:354c,0009:354c
FTrackBtn,1040:364a,0009:364a
DrawBtn,1040:38b8,0009:38b8
FGetMouseMove,1040:4146,0009:4146
FGetRMouseMove,1040:41e0,0009:41e0
DrawFuzzyBorder,1040:427a,0009:427a
FStringFitsScreen,1040:43aa,0009:43aa
HbrGet,1040:4448,0009:4448
FreeHbr,1040:4532,0009:4532
FCompressUserString,1040:45a0,0009:45a0
FDecompressUserString,1040:46e8,0009:46e8
NybbleFromCh,1040:4880,0009:4880
ChFromNybble,1040:49ea,0009:49ea
DibNumColors,1040:4a9a,0009:4a9a
HpalFromDib,1040:4b50,0009:4b50
HpalBlackReserved,1040:4c9c,0009:4c9c
PaletteSize,1040:4d60,0009:4d60
DibBlt,1040:4db8,0009:4db8
DibFromBitmap,1040:4e90,0009:4e90
HdibLoadBigResource,1040:5220,0009:5220
ReadBigBlock,1040:5310,0009:5310
FIntersectCircleLine,1040:53b4,0009:53b4
IntToRoman,1040:5830,0009:5830
FCheckPassword,1040:58d8,0009:58d8
LSaltFromSz,1040:59ce,0009:59ce
PasswordDlg,1040:5a72,0009:5a72
NewPasswordDlg,1040:5cba,0009:5cba
GetDiskSerialNumber,1040:5fc0,0009:5fc0
ShowProgressGauge,1040:636c,0009:636c
HideProgressGauge,1040:63b2,0009:63b2
UpdateProgressGauge,1040:63da,0009:63da
ProgressGaugeDlg,1040:647e,0009:647e
DrawProgressGauge,1040:65f6,0009:65f6
LDistance2,1040:685c,0009:685c
PszGetLine,1040:68ba,0009:68ba
CParseNumbers,1040:6986,0009:6986
HfontPrinterCreate,1040:6aa6,0009:6aa6
PlanetWndProc,1048:0000,000a:0000
DrawPlanShip,1048:0d16,000a:0d16
FDrawTileNC,1048:1086,000a:1086
DrawPlanetMinSum,1048:12b2,000a:12b2
DrawPlanetStats,1048:1716,000a:1716
FGetBestDefensePart,1048:21f6,000a:21f6
DrawPlanetStarbase,1048:22cc,000a:22cc
DrawMassWarpGauge,1048:2afa,000a:2afa
DrawPlanetProduction,1048:2c38,000a:2c38
PszProductionETA,1048:310c,000a:310c
DrawPlanShipBitmap,1048:3336,000a:3336
DrawPlanetShipList,1048:377e,000a:377e
SetPlanetTitleBar,1048:3dec,000a:3dec
ChangeMainObjSel,1048:3e7a,000a:3e7a
FillShipDD,1048:42a0,000a:42a0
SelectAdjPlanet,1048:44da,000a:44da
IdFindAdjStarbase,1048:474e,000a:474e
PlanetClick,1048:489e,000a:489e
ClickInPlanetOrders,1048:515c,000a:515c
EnsureTileSize,1048:587e,000a:587e
ReflowColumn,1048:5b80,000a:5b80
IBestTerraform,1048:5dd2,000a:5dd2
PszCalcEnvVar,1048:5fcc,000a:5fcc
PszCalcGravity,1048:6058,000a:6058
HandleFocusState,1048:60e6,000a:60e6
DrawCBEntireItem,1048:6128,000a:6128
DrawProductionItem,1048:6208,000a:6208
FillPlanetProdLB,1048:6692,000a:6692
PctPlanetCapacity,1048:6aca,000a:6aca
PctPlanetOptValue,1048:6b88,000a:6b88
PctPlanetDesirability,1048:6e1e,000a:6e1e
CalcPlanetMaxPop,1048:7096,000a:7096
CMaxMines,1048:7248,000a:7248
CMaxOperableMines,1048:7304,000a:7304
CMinesOperating,1048:73fc,000a:73fc
CFactoriesOperating,1048:74be,000a:74be
CMaxFactories,1048:755c,000a:755c
CMaxOperableFactories,1048:7618,000a:7618
CMaxDefenses,1048:7710,000a:7710
CMaxOperableDefenses,1048:77ae,000a:77ae
CResourcesAtPlanet,1048:788e,000a:788e
IWarpMAFromLppl,1048:7b10,000a:7b10
StargateRangeFromLppl,1048:7cfa,000a:7cfa
FProdIsTerra,1048:7e9a,000a:7e9a
IpctCanTerraformLppl,1048:7f56,000a:7f56
FCanTerraformLppl,1048:8022,000a:8022
UninhabitPlanet,1048:8732,000a:8732
PctCloakFromHuldef,1048:88c0,000a:88c0
LogSplitFleet,1048:8b0e,000a:8b0e
LogMergeFleet,1048:8b6c,000a:8b6c
LogChangeShDef,1048:8c28,000a:8c28
LogChangeName,1048:8d5a,000a:8d5a
LogChangeFleet,1048:8ebe,000a:8ebe
LogChangeRelations,1048:9340,000a:9340
LogChangeBtlplan,1048:93d0,000a:93d0
LogChangePlanet,1048:9420,000a:9420
LogChangeThing,1048:9908,000a:9908
LogMakeValidXfer,1048:99f6,000a:99f6
LogMakeValidXferf,1048:9fa6,000a:9fa6
CancelMemRt,1048:a108,000a:a108
WriteMemRt,1048:a130,000a:a130
DirtyGame,1048:a228,000a:a228
FGetPrevLogRt,1048:a25e,000a:a25e
FRunLogFile,1048:a2d6,000a:a2d6
FRunLogRecord,1048:a38c,000a:a38c
FLoadLogFile,1048:c7a2,000a:c7a2
FCheckLogFile,1048:cccc,000a:cccc
FWriteLogFile,1048:cdf6,000a:cdf6
FWriteTutorialMFile,1048:d058,000a:d058
FWriteHistFile,1048:d29e,000a:d29e
EnumLogRts,1048:d6e0,000a:d6e0
DrawShipOrders,1050:0000,000b:0000
DrawShipWayPtOrders,1050:0912,000b:0912
DrawShipPlanet,1050:17b6,000b:17b6
DrawShipCargo,1050:1a54,000b:1a54
DrawFleetComp,1050:1e72,000b:1e72
FCanSplit,1050:245c,000b:245c
FCanSplitAll,1050:24ae,000b:24ae
FCanMerge,1050:2522,000b:2522
ShipCommandProc,1050:2640,000b:2640
SelectAdjFleet,1050:3d32,000b:3d32
SetFleetDropDownSel,1050:400e,000b:400e
LGetFleetStat,1050:40f2,000b:40f2
WtMaxShdefStat,1050:41b2,000b:41b2
DrawFleetGauge,1050:44b6,000b:44b6
DrawFleetBitmap,1050:490e,000b:490e
FEnumCalcJettison,1050:4df4,000b:4df4
TransferStuff,1050:4faa,000b:4faa
TransferDlg,1050:5686,000b:5686
FTrackXfer,1050:5a16,000b:5a16
GetCargoFree,1050:5f98,000b:5f98
GetFuelFree,1050:6004,000b:6004
ChgCargo,1050:6034,000b:6034
XferSupply,1050:64cc,000b:64cc
UpdateXferBtns,1050:66a8,000b:66a8
DrawXferDlg,1050:6908,000b:6908
GetXferLeftRightRcs,1050:6b46,000b:6b46
FSetupXferBtns,1050:6bea,000b:6bea
DrawThingXferSide,1050:7088,000b:7088
DrawFleetCargoXferSide,1050:72de,000b:72de
DrawFleetShipsXferSide,1050:7726,000b:7726
DrawPlanetXferSide,1050:79ca,000b:79ca
ClickInShipOrders,1050:7cda,000b:7cda
FillFleetCompLB,1050:9166,000b:9166
FillOrdersLB,1050:928c,000b:928c
SetOrdersLbSel,1050:9354,000b:9354
UpdateOrdersDDs,1050:93ee,000b:93ee
FillBattleDD,1050:9a36,000b:9a36
DeleteCurWayPoint,1050:9b08,000b:9b08
DeleteWpFar,1050:9e28,000b:9e28
EstFuelUse,1050:9fe4,000b:9fe4
FakeEditProc,1050:a700,000b:a700
IFindIdealWarp,1050:a76e,000b:a76e
LFuelUseToWaypoint,1050:a9f4,000b:a9f4
FleetTransferCargoBalance,1050:ae74,000b:ae74
DestroyAllIshdefSB,1050:c280,000b:c280
DestroyAllIshdef,1050:c336,000b:c336
RemoveIshdefFromAllQueues,1050:c5e6,000b:c5e6
CshQueued,1050:c82c,000b:c82c
Merge2Fleets,1050:c9f6,000b:c9f6
FleetOrdersChangeTarget,1050:cafe,000b:cafe
GetTruePartCost,1050:cd00,000b:cd00
ScannerWndProc,1058:0032,000c:0032
PtToScan,1058:0efc,000c:0efc
ScanToPt,1058:0fc2,000c:0fc2
DrawScanner,1058:108a,000c:108a
DrawScanFleetCount,1058:47d2,000c:47d2
CShipsScanVis,1058:4bf4,000c:4bf4
DrawRadarCircle,1058:4e7c,000c:4e7c
DrawShipScanPath,1058:540c,000c:540c
DrawScannerSBar,1058:62d8,000c:62d8
DrawLockLight,1058:6b00,000c:6b00
SetScanScrollBars,1058:6c14,000c:6c14
ScrollScanner,1058:6d30,000c:6d30
RedrawScanSel,1058:6f30,000c:6f30
FEnsurePointOnScreen,1058:715c,000c:715c
CtrPointScan,1058:7278,000c:7278
LogicalToScan,1058:744e,000c:744e
ScanToLogical,1058:7490,000c:7490
FAddWayPoint,1058:7504,000c:7504
IWarpBestForWaypoint,1058:7a18,000c:7a18
FNearAWayPoint,1058:8074,000c:8074
FHandleWayPointDrag,1058:8176,000c:8176
DrawScanXorLines,1058:8af6,000c:8af6
SetScanWp,1058:8c5a,000c:8c5a
ChangeScanSel,1058:8cc4,000c:8cc4
FGetNextObjHere,1058:909c,000c:909c
FindDlg,1058:9286,000c:9286
FSelectSz,1058:945a,000c:945a
GetScanFleetOrientation,1058:978c,000c:978c
GetDxDyOrientation,1058:987c,000c:987c
FHandleMeasuringTape,1058:9974,000c:9974
LphbAlloc,1060:0000,000d:0000
LphbReAlloc,1060:0108,000d:0108
FreeHb,1060:02d8,000d:02d8
ResetHb,1060:0348,000d:0348
LpAlloc,1060:03b2,000d:03b2
LphbFromLpHt,1060:058c,000d:058c
LpReAlloc,1060:0660,000d:0660
FreeLp,1060:07a8,000d:07a8
LpplReAlloc,1060:0836,000d:0836
LpplAlloc,1060:088c,000d:088c
FreePl,1060:0918,000d:0918
TbWndProc,1068:001e,000e:001e
DrawToolbar,1068:06f0,000e:06f0
DrawBitmapButton,1068:078c,000e:078c
ItbFromPpt,1068:0b12,000e:0b12
DxOfBtn,1068:0bb2,000e:0bb2
FIsButtonDown,1068:0c3a,000e:0c3a
ExecuteButton,1068:0db6,000e:0db6
TerminateToolbarFocus,1068:1680,000e:1680
ShowTooltip,1068:17ea,000e:17ea
TooltipWndProc,1068:19e4,000e:19e4
FakeComboProc,1068:1d72,000e:1d72
FakeCEProc,1068:1df0,000e:1df0
FReadShDef,1070:0006,000f:0006
ReadRtPlr,1070:05e2,000f:05e2
FLoadGame,1070:0810,000f:0810
FReadPlanet,1070:3206,000f:3206
FReadFleet,1070:3a4c,000f:3a4c
UnpackBattlePlan,1070:40ce,000f:40ce
UpdateBattleRecords,1070:41ac,000f:41ac
AskSaveDialog,1070:432a,000f:432a
PromptSaveGame,1070:43ee,000f:43ee
DestroyCurGame,1070:44b0,000f:44b0
FBogusLong,1070:484c,000f:484c
FValidSerialLong,1070:48c4,000f:48c4
FileError,1070:4a10,000f:4a10
GetFileStatus,1070:4a60,000f:4a60
FOpenFile,1070:4ac2,000f:4ac2
FNewTurnAvail,1070:4f22,000f:4f22
FCheckFile,1070:4fb2,000f:4fb2
ReadRt,1070:5168,000f:5168
FBadFileError,1070:524e,000f:524e
StreamOpen,1070:52ae,000f:52ae
StreamClose,1070:53cc,000f:53cc
RgFromStream,1070:53f4,000f:53f4
WriteOrders,1070:547e,000f:547e
WriteRtPlr,1070:551c,000f:551c
WriteRtShDef,1070:574e,000f:574e
FWriteDataFile,1070:5964,000f:5964
FAppendFile,1070:704e,000f:704e
WriteBattles,1070:709c,000f:709c
WritePlanet,1070:7a6a,000f:7a6a
WriteFleet,1070:81c6,000f:81c6
WriteRtString,1070:87b4,000f:87b4
MarkFleet,1070:885e,000f:885e
WriteBattlePlan,1070:89b8,000f:89b8
MarkPlanet,1070:8adc,000f:8adc
SetSzWorkFromDt,1070:8cfe,000f:8cfe
FCreateFile,1070:8e16,000f:8e16
WriteBOF,1070:8ea4,000f:8ea4
FMarkFile,1070:904a,000f:904a
WriteRt,1070:947c,000f:947c
RgToStream,1070:9554,000f:9554
SetVisiblePlanFleet,1070:95bc,000f:95bc
SetVisPFInit,1070:9654,000f:9654
SetVisPFFleets,1070:a100,000f:a100
SetVisPFPlanets,1070:abde,000f:abde
SetVisPFThings,1070:b9ee,000f:b9ee
SetVisPFFinish,1070:c41c,000f:c41c
InitBattlePlan,1078:00c0,0010:00c0
GenerateWorld,1078:0136,0010:0136
CreateStartupShip,1078:4690,0010:4690
GenNewGameFromFile,1078:4812,0010:4812
CreateTutorWorld,1078:5e5e,0010:5e5e
NewGameWizard,1078:6022,0010:6022
InitNewGamePlr,1078:6e44,0010:6e44
InitNewGame3,1078:74f8,0010:74f8
FGetNewGameName,1078:7508,0010:7508
SimpleNewGameDlg,1078:76aa,0010:76aa
NewGameDlg,1078:7e92,0010:7e92
NewGameDlg2,1078:87d2,0010:87d2
DrawNewGame2,1078:9556,0010:9556
NewGameDlg3,1078:99f4,0010:99f4
DrawNewGame3,1078:9d5e,0010:9d5e
FTrackNewGameDlg3,1078:a210,0010:a210
SetNGWTitle,1078:a320,0010:a320
LpplrComp,1078:b570,0010:b570
SetVCCheck,1078:b5bc,0010:b5bc
GetVCCheck,1078:b60c,0010:b60c
SetVCVal,1078:b644,0010:b644
GetVCVal,1078:b710,0010:b710
ZipOrderDlg,1080:0000,0011:0000
EnableZipBtns,1080:0832,0011:0832
RenameZipDlg,1080:0880,0011:0880
RenameDlg,1080:0a68,0011:0a68
FStargateJump,1080:0cfe,0011:0cfe
MdCalcStargateDamage,1080:152e,0011:152e
KillUsedWaypoints,1080:189a,0011:189a
NoAutoTrackFleet,1080:1d32,0011:1d32
AutoRouteFleet,1080:1e52,0011:1e52
FColonizer,1080:227c,0011:227c
FScout,1080:2322,0011:2322
AutoFleetOrder,1080:23c8,0011:23c8
CMineFromLpfl,1080:25d2,0011:25d2
PctTerraFromLpfl,1080:275c,0011:275c
CLayMinesFromLpfl,1080:2886,0011:2886
CMineSweepFromLpfl,1080:2b26,0011:2b26
CMineSweepFromLphul,1080:2bfa,0011:2bfa
PctCloakFromLpfl,1080:2d5e,0011:2d5e
CPtsCloakFromLphs,1080:3170,0011:3170
MergeFleetsDlg,1080:3376,0011:3376
MarkTechsSeen,1080:36b6,0011:36b6
DoAiTurn,1088:0000,0012:0000
DoRobotoidAiTurn,1088:0312,0012:0312
EnsureRobotoidShdefs,1088:20ae,0012:20ae
IdTargetArmada,1088:288e,0012:288e
FPotentRobWarFleet,1088:31bc,0012:31bc
FEnumCalcEnemyFleets,1088:325c,0012:325c
FEnumCalcArmadaDest,1088:3286,0012:3286
FEnumCalcArmadaHumanDest,1088:3406,0012:3406
DoTurinDroneAiTurn,1088:3670,0012:3670
EnsureTurinDroneShdefs,1088:58ba,0012:58ba
FEnumCalcMinerDest,1088:5f32,0012:5f32
FEnumCalcColonistDrop,1088:5fc8,0012:5fc8
FCreateAiShdef,1090:012c,0013:012c
FGetAIPart,1090:043e,0013:043e
PickANameAndBmp,1090:055a,0013:055a
FChangeAiShdef,1090:08a2,0013:08a2
XferAiSupply,1090:0ad0,0013:0ad0
XferAiTroopers,1090:0bc2,0013:0bc2
FColonizeAiFleet,1090:0c78,0013:0c78
FGotoWormholeAiFleet,1090:0d5c,0013:0d5c
IdNearestColonizablePlanet,1090:0e3e,0013:0e3e
LpthWormFind,1090:12e6,0013:12e6
UlFleetPower,1090:14de,0013:14de
IdNearestUnknownPlanet,1090:15a4,0013:15a4
AddMinesToBlockedQueues,1090:1792,0013:1792
FFleetInField,1090:1cf6,0013:1cf6
SetAiFleetIdealSpeed,1090:1d9e,0013:1d9e
IdTargetAttack,1090:1ffe,0013:1ffe
IdTargetFreighter,1090:286c,0013:286c
FSalvageTargetFreighter2,1090:395a,0013:395a
FMoveAiFleet,1090:3d0a,0013:3d0a
AddItemToQueue,1090:3e50,0013:3e50
IroEnsureAi,1090:425a,0013:425a
KeepFleetsMoving,1090:45ca,0013:45ca
FShouldWeBuildColonizers,1090:476a,0013:476a
FIsAiAttack,1090:4a72,0013:4a72
FIsTurinDroneAiAttack,1090:4b9a,0013:4b9a
FIsAiTransport,1090:4c08,0013:4c08
ValidateStarbaseHistory,1090:4cf0,0013:4cf0
GetResourcesAvailable,1090:56d0,0013:56d0
GetProdQCost,1090:57c0,0013:57c0
MergeAllShdefs,1090:58be,0013:58be
LpflFindClosestEnum,1090:5bae,0013:5bae
LpplFindClosestEnum,1090:5cd4,0013:5cd4
LpplFindBestEnum,1090:5e06,0013:5e06
IdRandomPlanetNearby,1090:5f54,0013:5f54
ClearAiCurrentTask,1090:60c0,0013:60c0
FEnumOurStarbase,1090:6110,0013:6110
FFleetMightHaveTeeth,1090:6152,0013:6152
IdTargetScout,1090:61de,0013:61de
MarkPlanetsUnderAttack,1090:6896,0013:6896
FixPlanetsUnderAttack,1090:69e6,0013:69e6
QuickBuildDefenses,1090:6a7e,0013:6a7e
IdplFindClosestStarbase,1090:6e04,0013:6e04
FMoveToNearestStarbase,1090:6f7e,0013:6f7e
MoveToNearestPlanetOrEnemy,1090:7014,0013:7014
EnsureAiStarbaseDesigns,1090:7222,0013:7222
EnsureMacintiStarbaseDesigns,1090:76e4,0013:76e4
FCreateAiStarbase,1090:7bca,0013:7bca
FAIFling,1090:7dd6,0013:7dd6
IshdefAiSBLatestOF,1090:8458,0013:8458
IshdefAiSBLatest,1090:84be,0013:84be
QueueAiStarbases,1090:8524,0013:8524
FUpgradeAiStarbase,1090:882a,0013:882a
FQueueAiTerraforming,1090:8d28,0013:8d28
FQueueAiScanner,1090:90d6,0013:90d6
FQueueAiDefenses,1090:939a,0013:939a
HandleBasicAiTasks,1090:95a4,0013:95a4
SplitOutShdefs,1090:98d8,0013:98d8
CheckAiShdefStatus,1090:9b10,0013:9b10
IncreaseAIMinefieldSizes,1090:9c66,0013:9c66
FFindBuddyAndJoinUp,1090:9d18,0013:9d18
FShouldPlanetBuildColonizer,1090:9f30,0013:9f30
InitRandomPlanetList,1090:a082,0013:a082
DoMaidAiTurn,1098:0000,0014:0000
FPotentISWarFleet,1098:012e,0014:012e
DoAutomitronAiTurn,1098:01e0,0014:01e0
EnsureISShdefs,1098:1938,0014:1938
DoRototillAiTurn,1098:1e22,0014:1e22
EnsureCAShdefs,1098:3020,0014:3020
DoMacintiAiTurn,10a0:0008,0015:0008
EnsureMacintiShdefs,10a0:2b3c,0015:2b3c
FRetargetMiner,10a0:336c,0015:336c
IdTargetMacFreighter,10a0:3524,0015:3524
TargetMacArmada,10a0:3e3a,0015:3e3a
FPotentMacWarFleet,10a0:42ec,0015:42ec
DoCyberAiTurn,10a8:002a,0016:002a
DoCyberPackets,10a8:1a78,0016:1a78
IdGetBestScannerDest,10a8:282a,0016:282a
FAddPacketToQueue,10a8:2bc0,0016:2bc0
FillProductionQueue,10a8:2ce2,0016:2ce2
FFillProdMinesAndFactories,10a8:2d72,0016:2d72
DoCyberFreighter,10a8:37b0,0016:37b0
FEnumDropOffStage1,10a8:3d00,0016:3d00
FEnumDropOffStage2,10a8:3dfe,0016:3dfe
FEnumPickUp,10a8:3f00,0016:3f00
FEnumNeedMinerals,10a8:3f5e,0016:3f5e
FEnumPktAttack,10a8:4204,0016:4204
FEnumCalcEnemyPlanets,10a8:45a6,0016:45a6
iBuildCyberStarbase,10a8:45de,0016:45de
EnsureCyberAiShdefs,10a8:4826,0016:4826
iAddAttackFleet,10a8:4eba,0016:4eba
TargetCyberArmada,10a8:51a4,0016:51a4
FGenerateTurn,10b0:0000,0017:0000
DoOrders,10b0:179a,0017:179a
MoveThings,10b0:18f4,0017:18f4
FuelFleets,10b0:2efa,0017:2efa
MoveFleets,10b0:32ce,0017:32ce
FTravelThroughMineFields,10b0:4f60,0017:4f60
SatisfyOrders,10b0:6798,0017:6798
Produce,10b8:0000,0018:0000
CBuildProdItem,10b8:0c92,0018:0c92
FBuildObject,10b8:19b2,0018:19b2
CreateShip,10b8:2fd6,0018:2fd6
RandomEvents,10b8:3064,0018:3064
TransferToOthers,10b8:3088,0018:3088
DropColonists,10b8:34e2,0018:34e2
HealShips,10b8:444c,0018:444c
AutoTerraform,10b8:48f6,0018:48f6
RemoteTerraforming,10b8:4c56,0018:4c56
FQueueColonistDrop,10b8:4faa,0018:4faa
UpdatePopulations,10b8:50a0,0018:50a0
UpdateGuesses,10b8:532c,0018:532c
MineMinerals,10b8:55a4,0018:55a4
MeteorStrike,10b8:560e,0018:560e
TossNonAutoBuildItems,10b8:5aec,0018:5aec
PlanetaryClimateChange,10b8:5c54,0018:5c54
DiscoverNewMinerals,10b8:5e0c,0018:5e0c
MysteryTrader,10b8:5efa,0018:5efa
UpdatePlayerScores,10b8:6258,0018:6258
CreateBackupDir,10b8:6dca,0018:6dca
FPacketDecay,10b8:6e9c,0018:6e9c
ThingDecay,10b8:70c6,0018:70c6
UnmarkMineFields,10b8:7638,0018:7638
SweepForMines,10b8:76a4,0018:76a4
BreedColonistsInTransit,10b8:7e4e,0018:7e4e
UpdateResearchStatus,10b8:80fe,0018:80fe
IBestRemoteTerra,10b8:8b70,0018:8b70
PopupWndProc,10c0:0000,0019:0000
FIsPopupHullType,10c0:0148,0019:0148
DrawPopup,10c0:01c0,0019:01c0
Popup,10c0:0c7c,0019:0c7c
PopupMenu,10c0:136c,0019:136c
PtDisplayPlanetStateInfo,10c0:1938,0019:1938
PtDisplayPlanetPopInfo,10c0:228e,0019:228e
PtDisplayZipOrdInfo,10c0:2d66,0019:2d66
PtDisplayFactoryMineInfo,10c0:3110,0019:3110
PtDisplayResourceInfo,10c0:3378,0019:3378
PtDisplayString,10c0:355c,0019:355c
ShipBuilder,10c8:008c,001a:008c
ShowMainControls,10c8:0160,001a:0160
FCheckQueuedShip,10c8:027c,001a:027c
SlotDlg,10c8:0550,001a:0550
DrawSlotDlg,10c8:2650,001a:2650
FTrackSlot,10c8:306a,001a:306a
DrawBuildSelComp,10c8:3ab2,001a:3ab2
PctJammerFromHul,10c8:42e6,001a:42e6
DrawBuildSelHull,10c8:451e,001a:451e
SetBuildSelection,10c8:53da,001a:53da
IDropPart,10c8:5476,001a:5476
DrawDlgLBEntireItem,10c8:59f0,001a:59f0
NthValidShdef,10c8:5c06,001a:5c06
NthValidEnemyShdef,10c8:5cf4,001a:5cf4
FillBuildDD,10c8:5e80,001a:5e80
FillBuildPartsLB,10c8:63e8,001a:63e8
UpdateSlotGlobals,10c8:6528,001a:6528
IEmptyBmpFromGrhst,10c8:6716,001a:6716
FakeListProc,10c8:6758,001a:6758
MakeNewName,10c8:694c,001a:694c
KillQueuedMassPackets,10c8:6a52,001a:6a52
KillQueuedShips,10c8:6c2a,001a:6c2a
ChangeProduction,10d0:0000,001b:0000
InitProduction,10d0:015e,001b:015e
FinishProduction,10d0:1090,001b:1090
ProductionDlg,10d0:1204,001b:1204
ProdCommandHandler,10d0:1994,001b:1994
InitializeProductionDlg,10d0:3430,001b:3430
DrawProductionDlg,10d0:35dc,001b:35dc
FillProdSrcLB,10d0:3b00,001b:3b00
PszNameProdItem,10d0:3c92,001b:3c92
GetProductionCosts,10d0:3f20,001b:3f20
EstimateItemProdSched,10d0:4f40,001b:4f40
ZipProdDlg,10d0:5490,001b:5490
EnableZipProdBtns,10d0:5df0,001b:5df0
FillZipProdLB,10d0:5e58,001b:5e58
ResearchDlg,10d8:0000,001c:0000
DrawResearchDlg,10d8:090a,001c:090a
FTrackResearchDlg,10d8:1a8c,001c:1a8c
GetTechLevelCost,10d8:1dba,001c:1dba
BrowserDlg,10d8:1ed8,001c:1ed8
BrowserWndProc,10d8:2876,001c:2876
DisplayComponentInfo,10d8:2ac6,001c:2ac6
ProjectedResearchSpending,10d8:65ae,001c:65ae
CostOfDevelopingItem,10d8:66e0,001c:66e0
FShouldPartBeHidden,10d8:68c4,001c:68c4
RaceCreationWizard,10e0:0000,001d:0000
RaceWizardDlg1,10e0:03ac,001d:03ac
RaceWizardDlg2,10e0:1060,001d:1060
DrawRace2,10e0:179a,001d:179a
IrcRaceDlgHitTest,10e0:2164,001d:2164
FTrackRaceDlg2,10e0:2204,001d:2204
RaceWizardDlg3,10e0:2792,001d:2792
DrawRace3,10e0:2aa4,001d:2aa4
FTrackRaceDlg3,10e0:2fb8,001d:2fb8
GetRaceStat,10e0:30d2,001d:30d2
SetRaceStat,10e0:3114,001d:3114
GetRaceGrbit,10e0:3176,001d:3176
SetRaceGrbit,10e0:31b8,001d:31b8
RaceWizardDlg4,10e0:320a,001d:320a
RaceWizardDlg5,10e0:378e,001d:378e
RaceWizardDlg6,10e0:3bae,001d:3bae
BoundsCheckPlayer,10e0:40ae,001d:40ae
CAdvantagePoints,10e0:444c,001d:444c
LInnateRaceHabitability,10e0:4c6e,001d:4c6e
InvalidateAdvPtsRect,10e0:54d4,001d:54d4
DrawRaceAdvantagePoints,10e0:55c6,001d:55c6
IRaceChecksum,10e0:5888,001d:5888
FSaveRace,10e0:58d4,001d:58d4
SetRCWTitle,10e0:5ab8,001d:5ab8
CreateRandomRace,10e0:5b08,001d:5b08
PctTrueMaxGrowth,10e0:65d4,001d:65d4
BattleVCR,10e8:0000,001e:0000
CBattles,10e8:028c,001e:028c
BtlDataGet,10e8:0362,001e:0362
CBattleUnits,10e8:0450,001e:0450
CBattleKills,10e8:062e,001e:062e
LdpFromItokDv,10e8:07a8,001e:07a8
SetVCRBoard,10e8:08d8,001e:08d8
VCRDlg,10e8:0e90,001e:0e90
GetVCRStats,10e8:193e,001e:193e
DrawVCR,10e8:1c62,001e:1c62
Delay,10e8:3a3e,001e:3a3e
AnimateAttack,10e8:3ac2,001e:3ac2
PopupVCRMenu,10e8:4518,001e:4518
EnableVCRButtons,10e8:48f6,001e:48f6
RelationsDlg,10f0:0088,001f:0088
NewPlanNameDlg,10f0:04ce,001f:04ce
BattlePlansDlg,10f0:0652,001f:0652
FDeleteBattlePlan,10f0:1706,001f:1706
SpankTheCheaters,10f0:192a,001f:192a
FFleetHasBombs,10f0:1e16,001f:1e16
FHullHasBombs,10f0:1ec2,001f:1ec2
FFleetHasTeeth,10f0:1fbe,001f:1fbe
FHullHasTeeth,10f0:2072,001f:2072
FFuelTanker,10f0:20f6,001f:20f6
CheckTarget,10f0:212a,001f:212a
FDumpCargo,10f0:234a,001f:234a
DropSalvage,10f0:24dc,001f:24dc
CplrBattle,10f0:2952,001f:2952
SpdOfShip,10f0:339c,001f:339c
LpshdefFromTok,10f0:388e,001f:388e
FCanKillTok,10f0:391e,001f:391e
DoBattles,10f0:3a26,001f:3a26
RegenShield,10f0:3c16,001f:3c16
InitFromHuldef,10f0:3cba,001f:3cba
CheckInitiative,10f0:3e68,001f:3e68
CheckWeapons,10f0:3ec2,001f:3ec2
RandomizeTokOrder,10f0:44d4,001f:44d4
InitializeBoard,10f0:45b4,001f:45b4
DzFromBrcBrc,10f0:4ca8,001f:4ca8
DpFromPtokBrcToBrc,10f0:4d2e,001f:4d2e
DzMoveRangeToConsider,10f0:5312,001f:5312
FDoesPrimaryTargetTypeExist,10f0:56d8,001f:56d8
FIsTargetOfMdTarget,10f0:587a,001f:587a
ScoreGuessBattleDamage,10f0:598c,001f:598c
ScoreFromGiveAndTakeAndTactic,10f0:5e34,001f:5e34
DxyMoveTokTo,10f0:5f18,001f:5f18
CTorpHit,10f0:6790,001f:6790
FAttack,10f0:69ac,001f:69ac
KillShips,10f0:7cde,001f:7cde
CreateSalvage,10f0:7ee8,001f:7ee8
FDamageTok,10f0:81d4,001f:81d4
DxyFromSpdRound,10f0:8b28,001f:8b28
FDoCoolBattle,10f0:8bcc,001f:8bcc
ITechLearnATech,10f0:9918,001f:9918
SendBattleMessages,10f0:9c0e,001f:9c0e
FAttackPlayer,10f0:ae06,001f:ae06
DoBombing,10f0:aefa,001f:aefa
TutorDlg,10f8:0000,0020:0000
PanicDlg,10f8:026a,0020:026a
ShowTutor,10f8:0374,0020:0374
DrawTutorText,10f8:03c0,0020:03c0
StartTutor,10f8:06b4,0020:06b4
AdvanceTutor,10f8:0a30,0020:0a30
EndTutor,10f8:0c02,0020:0c02
SaveGameState,10f8:0c90,0020:0c90
RestoreGameState,10f8:0e1c,0020:0e1c
FAskKillTutor,10f8:0f36,0020:0f36
FTutorTaskDone,10f8:0fbc,0020:0fbc
FCheckZip,10f8:6460,0020:6460
FCheckTemplate,10f8:666e,0020:666e
TutorError,10f8:67ae,0020:67ae
FCheckScanner,10f8:685c,0020:685c
FCheckFleetName,10f8:690a,0020:690a
FCheckSummary,10f8:69e2,0020:69e2
FCheckSelection,10f8:6af4,0020:6af4
FCheckMessages,10f8:6c48,0020:6c48
FCheckResearch,10f8:6da4,0020:6da4
FCheckFleetWP,10f8:6df4,0020:6df4
FCheckPlanetRoute,10f8:6f86,0020:6f86
FCheckLayingWP,10f8:6ff4,0020:6ff4
FCheckColonizeWP,10f8:70c0,0020:70c0
FCheckPatrolWP,10f8:71ac,0020:71ac
FCheckXferWP,10f8:7280,0020:7280
FCheckQueue,10f8:7442,0020:7442
FCheckBtlPlan,10f8:760a,0020:760a
FCheckCargo,10f8:7664,0020:7664
FCheckBuilderPart,10f8:77d8,0020:77d8
FCheckShipBuilder,10f8:7964,0020:7964
FTutorialEnabledShipBuilder,10f8:79f6,0020:79f6
FOKMergeDialog,10f8:81da,0020:81da
CchTutorString,1100:5a14,0021:5a14
ReportDlg,1108:0018,0022:0018
SetHScrollBar,1108:09e8,0022:09e8
DrawReport,1108:0bae,0022:0bae
ScoreXDlg,1108:0f66,0022:0f66
InitScoreDlg,1108:13b6,0022:13b6
DrawVCReport,1108:168e,0022:168e
DrawScoreReport,1108:1e0c,0022:1e0c
DrawHistoryReport,1108:2494,0022:2494
LFetchScoreXVal,1108:2f94,0022:2f94
DxReportColHdr,1108:305e,0022:305e
DrawReportItem,1108:3398,0022:3398
DrawMineralItem,1108:4ebe,0022:4ebe
PszGetDestName,1108:4f60,0022:4f60
FDestIsWP0,1108:50b4,0022:50b4
PszGetETA,1108:51a8,0022:51a8
PszGetTaskName,1108:53b8,0022:53b8
SortReportCache,1108:589c,0022:589c
ICompReport,1108:5bb8,0022:5bb8
ReportColumnPopup,1108:74d4,0022:74d4
InvalidateReport,1108:7af6,0022:7af6
ExecuteReportClick,1108:7cd6,0022:7cd6
DumpUniverse,1108:851e,0022:851e
DumpPlanets,1108:86e4,0022:86e4
DumpFleets,1108:9530,0022:9530
PrintMapDlg,1108:a1c2,0022:a1c2
LpthNew,1110:0000,0023:0000
FreeLpth,1110:0224,0023:0224
CPlanetsInCircle,1110:02a0,0023:02a0
DrawThingGauge,1110:044e,0023:044e
IValidateWormholePos,1110:064c,0023:064c
PctWormholeMoves,1110:0adc,0023:0adc
DoThingInteractions,1110:0b3a,0023:0b3a
IdmGiveTraderPart,1110:1a96,0023:1a96
